id,nome,link,ativo,Atualizar,Motivo,Novo Link,Comentário Outros
1,ALEGRIA DE APRENDER,http://www.projetos.unijui.edu.br/matematica/fabrica_virtual/dentes_prontos/objeto_rived/index.html,TRUE,Sim,Flash,,
2,BARRAS E NÚMEROS,http://www.noas.com.br/educacao-infantil/matematica/barras-e-numeros/,TRUE,Não,,,
3,BLOCOS LÓGICOS,http://www.projetos.unijui.edu.br/matematica/2009/blocos_logicos/,TRUE,Sim,Flash,,
4,BRINCANDO COM OS NÚMEROS,http://www.noas.com.br/educacao-infantil/matematica/brincando-com-os-numeros/,TRUE,Sim,Flash,,
5,BRINCANDO E APRENDENDO COM GRÁFICOS E TABELAS,http://www.noas.com.br/educacao-infantil/matematica/brincando-e-aprendendo-com-graficos-e-tabelas/,TRUE,Sim,Flash,,
6,CONTANDO LETRAS,http://www.noas.com.br/educacao-infantil/lingua-portuguesa/contando-letras/,TRUE,Não,,,
7,CUBOS,http://www.projetos.unijui.edu.br/matematica/2009/cubinhos/,TRUE,Sim,Flash,,
8,ESTACIONAMENTO,http://www.noas.com.br/ensino-fundamental-1/matematica/estacionamento/,TRUE,Não,,,
9,FAZENDA,http://rived.mec.gov.br/atividades/matematica/fazenda/mat1_ativ1.swf,FALSE,Não,,,
10,GEOMETRIA (SÓLIDOS E FIGURAS PLANAS),http://rived.mec.gov.br/modulos/matematica/geometria/atividade1_p2.htm,TRUE,Sim,Link quebrado,Procurar novo link,
11,JOGO DA PÁSCOA,http://www.noas.com.br/educacao-infantil/matematica/jogo-da-pascoa/,TRUE,Sim,Flash,,
12,JOGO DAS CORES,http://www.noas.com.br/educacao-infantil/matematica/jogo-das-cores/,TRUE,Sim,Flash,,
13,MICO MATEMÁTICO,http://www.noas.com.br/ensino-medio/matematica/aritmetica/mico-matematico/,TRUE,Sim,Flash,,
14,NUMERAL E QUANTIDADE,http://www.projetos.unijui.edu.br/matematica/2009/cristiano/,TRUE,Sim,Flash,,
15,ORDENANDO NÚMEROS,http://www.noas.com.br/educacao-infantil/matematica/ordenando-numeros/,TRUE,Sim,Flash,,
16,PERCEPÇÃO,http://www.noas.com.br/ensino-fundamental-1/matematica/percepcao/,TRUE,Sim,Flash,,
17,PONTEIROS À SOLTA,http://www.noas.com.br/educacao-infantil/matematica/ponteiros-a-solta/,TRUE,Não,,,
18,RETA NUMÉRICA NA LAGOA,http://www.noas.com.br/educacao-infantil/matematica/reta-numerica-na-lagoa/,TRUE,Sim,Link quebrado,Procurar novo link,
19,RETA NUMÉRICA SUBMARINA,http://www.noas.com.br/educacao-infantil/matematica/reta-numerica-submarina/,TRUE,Sim,Flash,,
20,SETE ERROS,http://www.noas.com.br/educacao-infantil/matematica/sete-erros/,TRUE,Não,,,
21,TANGRAN,http://www.noas.com.br/educacao-infantil/matematica/tangram/,TRUE,Sim,Flash,,
22,A MATEMÁTICA NA MODA,http://www.projetos.unijui.edu.br/matematica/2009/moda_mediana/,TRUE,Sim,Flash,,
23,ÁBACO,http://mdmat.mat.ufrgs.br/anos_iniciais/objetos/abaco.htm,TRUE,Sim,Flash,,
24,ACERTE O RESULTADO,http://www.noas.com.br/ensino-fundamental-1/matematica/acerte-o-resultado/,TRUE,Sim,Flash,,
25,ANIMAIS DOMÉSTICOS E SILVESTRES,http://www.noas.com.br/educacao-infantil/matematica/animais-domesticos-e-silvestres/,TRUE,Sim,Flash,,
26,AONDE VAI CADA BOLINHA?,http://mdmat.mat.ufrgs.br/anos_iniciais/objetos/bolinhas_classificar.htm,TRUE,Sim,Flash,,
27,APRENDENDO A TABUADA,http://www.projetos.unijui.edu.br/matematica/fabrica_virtual/tabuada/Tabuada/OBJETO/,TRUE,Sim,Flash,,
28,APRENDENDO FRAÇÕES,http://www.projetos.unijui.edu.br/matematica/2009/aprendendo_fracoes/,FALSE,Não,,,
29,ARITHMETIC,http://www.noas.com.br/ensino-fundamental-1/matematica/arithmetic/,TRUE,Sim,Flash,,
30,ARRUME AS OPERAÇÕES,http://mdmat.mat.ufrgs.br/anos_iniciais/objetos/arrume.htm,TRUE,Sim,Flash,,
31,ARRUME O QUARTO,http://mdmat.mat.ufrgs.br/anos_iniciais/objetos/quarto.htm,TRUE,Sim,Flash,,
32,BA BE BI,http://mdmat.mat.ufrgs.br/anos_iniciais/objetos/babebi.htm,TRUE,Sim,Flash,,
33,BALANÇA INTERATIVA,http://www2.virtual.ufc.br/proativa/objetos_aprendizagem/balanca/balanca.html,FALSE,Não,,,
34,BATALHA NAVAL,http://www.noas.com.br/ensino-fundamental-1/matematica/batalha-naval/,TRUE,Não,,,
35,BRINCANDO COM NÚMEROS,http://www.noas.com.br/educacao-infantil/matematica/brincando-com-os-numeros/,TRUE,Sim,Flash,,OA repetido.
36,CA BI DE,http://mdmat.mat.ufrgs.br/anos_iniciais/objetos/cabide.htm,TRUE,Sim,Flash,,
37,CAÇA AO TESOURO,http://mdmat.mat.ufrgs.br/anos_iniciais/objetos/caca_tesouro.htm,TRUE,Sim,Flash,,
38,CÁLCULO DE ÁREA DE LAJOTAS,http://www.projetos.unijui.edu.br/matematica/fabrica_virtual/enviado_agosto2007/introducao_a_%20arquitetura/final/lajotas/mat1_ativ3.html,TRUE,Sim,Flash,,
39,CÁLCULO MENTAL- MULTIPLICAÇÃO,http://www.noas.com.br/ensino-fundamental-1/matematica/calculo-mental-multiplicacao/,TRUE,Não,,,
40,CÁLCULO MENTAL- SUBTRAÇÃO E ADÇÃO,http://www.noas.com.br/ensino-fundamental-1/matematica/calculo-mental-adicao-e-subtracao/,TRUE,Não,,,
41,CARTAS INTERATIVA,http://www2.virtual.ufc.br/proativa/objetos_aprendizagem/cartas/cartas.html,TRUE,Sim,Link quebrado,Procurar novo link,
42,CLASSIFICANDO OS POLÍGONOS,http://www.projetos.unijui.edu.br/matematica/2010/classificando_poligonos/,TRUE,Sim,Flash,,
43,CLASSIFICAÇÃO DE TRIÂNGULOS,http://www.projetos.unijui.edu.br/matematica/2009/formas/,FALSE,Não,,,
44,CLASSIFIQUE OS OBJETOS,http://mdmat.mat.ufrgs.br/anos_iniciais/objetos/classifique_i2.htm,TRUE,Sim,Flash,,
45,COLETANDO FRUTAS,http://www.noas.com.br/educacao-infantil/matematica/coletando-frutas/,TRUE,Sim,Flash,,
46,COLORIR GEOMETRIA,http://mdmat.mat.ufrgs.br/anos_iniciais/objetos/colorir_geom.htm,TRUE,Sim,Flash,,
47,COMPONDO NUMEROS,http://www.noas.com.br/ensino-fundamental-1/matematica/compondo-numeros/,TRUE,Sim,Flash,,
48,CONSTRUINDO COM CUBINHOS,http://mdmat.mat.ufrgs.br/anos_iniciais/objetos/construir_cubinhos.htm,TRUE,Sim,Flash,,
49,CONSTRUINDO MUROS,http://mdmat.mat.ufrgs.br/anos_iniciais/objetos/const_muro.htm,TRUE,Sim,Flash,,
50,CONSTRUTOR DE LABIRINTOS,http://mdmat.mat.ufrgs.br/anos_iniciais/objetos/const_labirintos.htm,TRUE,Sim,Flash,,
51,DECIFRANDO SIMBOLOS,http://www.noas.com.br/ensino-fundamental-1/matematica/decifrando-simbolos/,TRUE,Sim,Flash,,
52,DECIFRANDO TABELAS E GRAFICOS,http://www.projetos.unijui.edu.br/matematica/fabrica_virtual/mapas/index.html,TRUE,Sim,Flash,,
53,DECIMAIS,http://sites.unifra.br/Portals/17/Matematica/Decimais/mat_ativ_decimais.swf,TRUE,Sim,Link quebrado,Procurar novo link,
54,DIVISÃO DE CAMELOS,http://www.projetos.unijui.edu.br/matematica/2011/camelo/index.html,TRUE,Sim,Flash,,
55,DIVISÃO EM FRAÇÕES GEOMETRICAS,http://www.projetos.unijui.edu.br/matematica/fabrica_virtual/tiago2007/pronto/index.htm,TRUE,Sim,Flash,,
56,É O BICHO,http://www2.virtual.ufc.br/proativa/objetos_aprendizagem/ehobicho/ehobicho.html,TRUE,Sim,Flash,https://proativa.virtual.ufc.br/athena/recursocomputador.html?n=274,
57,ENCAIXE AS FRAÇÕES,http://mdmat.mat.ufrgs.br/anos_iniciais/objetos/encaixe.htm,TRUE,Sim,Flash,,
58,ENCONTRE A BOLINHA DIFERENTE,http://mdmat.mat.ufrgs.br/anos_iniciais/objetos/bolinhas_dif.htm,TRUE,Sim,Flash,,
59,ENCONTRE A FIGURA SECRETA,http://mdmat.mat.ufrgs.br/anos_iniciais/objetos/classificacao_figuras.htm,TRUE,Sim,Flash,,
60,ENCONTRE A FRASE,http://mdmat.mat.ufrgs.br/anos_iniciais/objetos/cata_frase.htm,TRUE,Sim,Flash,,
61,ENCONTRE AS FIGURAS IGUAIS,http://mdmat.mat.ufrgs.br/anos_iniciais/objetos/bolinhas_iguais.htm,TRUE,Sim,Flash,,
62,ERAS GEOLOGICAS,http://www.noas.com.br/ensino-fundamental-1/matematica/eras-geologicas/,TRUE,Sim,Flash,,
63,FÁBRICA DE CUBOS,http://mdmat.mat.ufrgs.br/anos_iniciais/objetos/fabrica_cubos.htm,TRUE,Sim,Flash,,
64,FAÇA,http://mdmat.mat.ufrgs.br/anos_iniciais/objetos/faca_maia.htm,TRUE,Sim,Flash,,
65,FAÇA 10,http://mdmat.mat.ufrgs.br/anos_iniciais/objetos/faca_10.htm,TRUE,Sim,Flash,,
66,FAZENDA RIVED,http://rived.mec.gov.br/atividades/matematica/fazenda/mat1_ativ1.swf,TRUE,Sim,Link quebrado,Procurar novo link,
67,FEIRA DOS PESOS,http://www2.virtual.ufc.br/proativa/objetos_aprendizagem/feiradosPesos/feiradosPesos.html,TRUE,Sim,Flash,https://proativa.virtual.ufc.br/athena/recursocomputador.html?n=186,
68,FORMANDO DEZENAS,http://www.projetos.unijui.edu.br/matematica/fabrica_virtual/MaterialDoudado/mat1_ativ1.html,TRUE,Sim,Flash,,
69,FORMANDO INTEIROS,http://www.projetos.unijui.edu.br/matematica/2009/fracoes/,TRUE,Sim,Flash,,
70,FRAÇÕES,http://sites.unifra.br/Portals/17/Matematica/Fracoes/mat_fracoes.swf,TRUE,Sim,Link quebrado,Procurar novo link,
71,FUTEBOL NO PAÍS DA MATEMÁTICA,http://www.rived.ufu.br/objetos/matematica/futebol/mat1_intro.html,TRUE,Sim,Link quebrado,Procurar novo link,
72,GANGORA INTERATIVA,http://www2.virtual.ufc.br/proativa/objetos_aprendizagem/gangorra/gangorra.html,TRUE,Sim,Link quebrado,Procurar novo link,
73,GEOMETRIA (SÓLIDOS E FIGURAS PLANAS ),http://rived.mec.gov.br/modulos/matematica/geometria/atividade1_p2.htm,TRUE,Sim,Link quebrado,Procurar novo link,
74,GERMINAÇÃO DE FEIJÃO,http://www.noas.com.br/ensino-fundamental-1/matematica/germinacao-do-feijao/,TRUE,Sim,Flash,,
75,GIRAMUNDO,http://mdmat.mat.ufrgs.br/anos_iniciais/objetos/giramundo.htm,TRUE,Sim,Flash,,
76,INVESTIGAÇÃO DO XADREZ ,http://www.projetos.unijui.edu.br/matematica/2009/investigacao_xadrez/,TRUE,Sim,Flash,,
77,JOGO DA MEMÓRIA COM FRAÇÕES,http://mdmat.mat.ufrgs.br/anos_iniciais/objetos/memoria_com_fracoes.htm,TRUE,Sim,Flash,,
78,JOGO DA PÁSCOA ,http://www.noas.com.br/educacao-infantil/matematica/jogo-da-pascoa/,TRUE,Sim,Flash,,
79,JOGO DO DOMINÓ,http://www.projetos.unijui.edu.br/matematica/2010/jogo_domino/,TRUE,Sim,Flash,,
80,JOGO DOS PALITOS,http://mdmat.mat.ufrgs.br/anos_iniciais/objetos/jogo_palitos.htm,TRUE,Sim,Flash,,
81,JOGO DOS QUADRADOS,http://mdmat.mat.ufrgs.br/anos_iniciais/objetos/jogo_dos_quadrados.htm,TRUE,Sim,Flash,,
82,JOGO FIGURAS,http://mdmat.mat.ufrgs.br/anos_iniciais/objetos/jogo_figuras.htm,TRUE,Sim,Flash,,
83,JOGO FIGURAS MIX,http://mdmat.mat.ufrgs.br/anos_iniciais/objetos/jogo_figuras_mix.htm,TRUE,Sim,Flash,,
84,JUNTANDO PEÇAS,http://www.noas.com.br/ensino-fundamental-1/matematica/juntando-pecas/,TRUE,Não,,,
85,LABIRINTO,http://mdmat.mat.ufrgs.br/anos_iniciais/objetos/labirinto.htm,TRUE,Sim,Flash,,
86,LABIRINTO SOMA,http://mdmat.mat.ufrgs.br/anos_iniciais/objetos/labirinto_soma.htm,TRUE,Sim,Flash,,
87,LIGA PONSTOS,http://mdmat.mat.ufrgs.br/anos_iniciais/objetos/liga_pontos.htm,TRUE,Sim,Flash,,
88,LIXEIRO MALUCO,http://www.noas.com.br/ensino-fundamental-1/matematica/lixeiro-maluco/,TRUE,Sim,Flash,,
89,MAQUINA DE CAFÉ,http://mdmat.mat.ufrgs.br/anos_iniciais/objetos/maquina.htm,TRUE,Sim,Flash,,
90,MARQUE V OU F NAS ALTERNATIVAS ABAIXO,http://mdmat.mat.ufrgs.br/anos_iniciais/objetos/lista.htm,TRUE,Sim,Flash,,
91,MEMORIA TABUADA,http://mdmat.mat.ufrgs.br/anos_iniciais/objetos/memoria_tabuada.htm,TRUE,Sim,Flash,,
92,"MENOR, IGUAL OU MAIOR QUE UM?",http://mdmat.mat.ufrgs.br/anos_iniciais/objetos/classificando_fracoes.htm,TRUE,Sim,Flash,,
93,MOSAICO,http://mdmat.mat.ufrgs.br/anos_iniciais/objetos/mosaicos.htm,TRUE,Sim,Flash,,
94,"MOSAICOS(TRIANGULOS,QUADRADOS E PENTAGONOS)",http://www.projetos.unijui.edu.br/matematica/2009/mosaicos/,TRUE,Sim,Flash,,
95,MURO NUMÉRICO,http://mdmat.mat.ufrgs.br/anos_iniciais/objetos/muro_numerico.htm,TRUE,Sim,Flash,,
96,NOMEANDO OS NUMERAIS ,http://www.noas.com.br/educacao-infantil/matematica/nomeando-os-numerais/,TRUE,Sim,Flash,,
97,NÚMEROS MULTIPLOS,http://www2.virtual.ufc.br/proativa/objetos_aprendizagem/numerosmultiplos/,TRUE,Sim,Flash,https://proativa.virtual.ufc.br/athena/recursocomputador.html?n=222,
98,NÚMEROS NA RETA,http://www.noas.com.br/ensino-fundamental-2/matematica/numeros-na-reta/,TRUE,Não,,,
99,OLHOS VIVOS,http://mdmat.mat.ufrgs.br/anos_iniciais/objetos/olhos_vivos.htm,TRUE,Sim,Flash,,
100,OPERAÇÕES COM NÚMEROS INTEIROS,http://www.noas.com.br/ensino-fundamental-2/matematica/operacoes-com-numeros-inteiros/,TRUE,Sim,Flash,,
101,OPERAÇÕES COM PALITOS,http://mdmat.mat.ufrgs.br/anos_iniciais/objetos/operacoes_palitos.htm,TRUE,Sim,Flash,,
102,OPERANDO FRAÇÕES,http://mdmat.mat.ufrgs.br/anos_iniciais/objetos/operando_fracoes.htm,TRUE,Sim,Flash,,
103,ORDENE AS BOLINHAS,http://mdmat.mat.ufrgs.br/anos_iniciais/objetos/bolinhas_ordem.htm,TRUE,Sim,Flash,,
104,PAR OU ÍMPAR?,http://mdmat.mat.ufrgs.br/anos_iniciais/objetos/par_impar.htm,TRUE,Sim,Flash,,
105,PLANIFICAÇÕES,http://mdmat.mat.ufrgs.br/anos_iniciais/objetos/planificacoes.htm,TRUE,Sim,Flash,,
106,POCOS,http://mdmat.mat.ufrgs.br/anos_iniciais/objetos/poco.htm,TRUE,Sim,Flash,,
107,PROJETO ATIVA: BALANÇA INTERATIVA E CARTAS INTERATIVA,http://www2.virtual.ufc.br/proativa/objetos_aprendizagem/ativa/programas.htm,TRUE,Sim,Link quebrado,Procurar novo link,
108,PROPORÇÕES EM TODO LUGAR,https://f-droid.org/repository/browse/?fdfilter=math&fdid=ch.hgdev.toposuite,TRUE,Sim,Link trocado,Procurar novo link,
109,QUAL O NÚMERO DE BOLINHAS?,http://mdmat.mat.ufrgs.br/anos_iniciais/objetos/bolinhas_contar.htm,TRUE,Sim,Flash,,
110,QUANDO OS MÚLTIPLOS SE ENCONTRAM,http://www.projetos.unijui.edu.br/matematica/fabrica_virtual/proporcoes/objeto_proporcoes_todo_lugar/index.html,TRUE,Sim,Flash,,
111,QUANTO CUSTA?,http://www.noas.com.br/ensino-fundamental-1/matematica/quanto-custa/,TRUE,Sim,Flash,,
112,QUE GRUPO DE PEÇAS USEI?,http://mdmat.mat.ufrgs.br/anos_iniciais/objetos/caixa_usei.htm,TRUE,Sim,Flash,,
113,QUIZ GAME SHOW - MATEMÁTICA,http://www.noas.com.br/ensino-fundamental-2/matematica/quiz-game-show-matematica/,TRUE,Sim,Link quebrado,Procurar novo link,
114,RATIONES (CAÇANDO FRAÇÕES EQUIVALENTES),http://mdmat.mat.ufrgs.br/anos_iniciais/objetos/ratio_linha.htm,TRUE,Sim,Flash,,
115,ROLETAS DA MULTIPLICAÇÃO,http://www.noas.com.br/ensino-fundamental-1/matematica/roletas-da-multiplicacao/,TRUE,Sim,Flash,,
116,SEQUÊNCIA COM CUBINHOS,http://mdmat.mat.ufrgs.br/anos_iniciais/objetos/sequencias_cubinhos.htm,TRUE,Sim,Flash,,
117,SEQUÊNCIA COM FORMAS GEOMÉTRICAS,http://mdmat.mat.ufrgs.br/anos_iniciais/objetos/sequencias_formas.htm,TRUE,Sim,Flash,,
118,SEQUÊNCIA DE FATOS (CARRINHO),http://mdmat.mat.ufrgs.br/anos_iniciais/objetos/sequencias_carrinhos.htm,TRUE,Sim,Flash,,
119,SEQUÊNCIA DE FATOS (PIZZA),http://mdmat.mat.ufrgs.br/anos_iniciais/objetos/sequencias_pizza.htm,TRUE,Sim,Flash,,
120,SEQUÊNCIA NUMÉRICA 2,http://www.noas.com.br/ensino-fundamental-1/matematica/sequencias-numericas-2/,TRUE,Sim,Flash,,
121,SEQUÊNCIAS,http://sites.unifra.br/Portals/17/Matematica/Sequencias/mat_seq_25_04_08_FINAL.swf,TRUE,Sim,Link quebrado,Procurar novo link,
122,SIMETRIA COM BOLINHAS,http://mdmat.mat.ufrgs.br/anos_iniciais/objetos/simbolinhas.htm,TRUE,Sim,Flash,,
123,SIMETRIZADOR,http://mdmat.mat.ufrgs.br/anos_iniciais/objetos/simetrizador.htm,TRUE,Sim,Flash,,
124,SOMA TRÊS FRAÇÕES,http://www.projetos.unijui.edu.br/matematica/2011/soma/index.html,TRUE,Sim,Flash,,
125,SUPERMERCADO VIRTUAL,http://sites.unifra.br/Portals/17/Matematica/Compras/Supermercado_virtual.swf,FALSE,Não,,,
126,VERITECK FORMAS,http://mdmat.mat.ufrgs.br/anos_iniciais/objetos/veriteck_formas.htm,TRUE,Sim,Flash,,
127,VIAJANDO COM A MATEMÁTICA,http://www.projetos.unijui.edu.br/matematica/fabrica_virtual/zeni_sidonia_fernando/,TRUE,Sim,Flash,,
128,VIRA OU DEIXA,http://www.projetos.unijui.edu.br/matematica/fabrica_virtual/vira_ou_deixa/Vira/OBJETO/index.html,TRUE,Sim,Flash,,
129,VISUALIZAÇÕES,http://mdmat.mat.ufrgs.br/anos_iniciais/objetos/visualizacoes.htm,TRUE,Sim,Flash,,
130,A MATEMÁTICA DAS PLANTAS DE CASAS E MAPAS,http://sites.unifra.br/Portals/17/Matematica/Escala/mat_escalas.swf,TRUE,Sim,Link quebrado,Procurar novo link,
131,A SEMELHANÇA ATRAVÉS DE AMPLIAÇÕES E REDUÇÕES DE FIGURAS,http://rived.mec.gov.br/atividades/matematica/semelhanca_atraves_da_ampliacao/index2.html,TRUE,Sim,Link quebrado,Procurar novo link,
132,ALTURAS INACESSÍVEIS,http://objetoseducacionais2.mec.gov.br/bitstream/handle/mec/841/open/file/alturas.swf?sequence=7,TRUE,Sim,Flash,,
133,AMPLIANDO AS NOÇÕES TRIGONOMÉTRICA,http://www.rived.ufu.br/objetos/matematica/nocoes%20trigonometricas/mat1_ativs1.html,TRUE,Sim,Link quebrado,Procurar novo link,
134,APRENDENDO EQUAÇÕES ATRAVÉS DA BALANÇA,http://www.projetos.unijui.edu.br/matematica/fabrica_virtual/Antonio_miguel_e_Adilson_Sella/index.html,TRUE,Sim,Flash,,
135,ARQUITETURA DAS ESCADAS,http://www2.virtual.ufc.br/proativa/objetos_aprendizagem/escadas/escadas.htm,TRUE,Sim,Flash,https://proativa.virtual.ufc.br/athena/recursocomputador.html?n=249,
136,CÁLCULO DA ÁREA DE LAJOTAS,http://www.projetos.unijui.edu.br/matematica/fabrica_virtual/enviado_agosto2007/introducao_a_%20arquitetura/final/lajotas/mat1_ativ3.html,TRUE,Sim,Flash,,
137,CIRCUITOS LÓGICOS,http://www.noas.com.br/ensino-fundamental-2/matematica/circuitos-logicos/,TRUE,Sim,Flash,,
138,CONSTRUTORA RIVED,http://www2.virtual.ufc.br/proativa/objetos_aprendizagem/construtora/construtora.html,TRUE,Sim,Flash,https://proativa.virtual.ufc.br/athena/recursocomputador.html?n=259,
139,"DECIFRANDO MAPAS, TABELAS E GRÁFICOS",http://www.projetos.unijui.edu.br/matematica/fabrica_virtual/mapas/index.html,TRUE,Sim,Flash,,
140,DESAFIO EMPRESARIAL,http://www2.virtual.ufc.br/proativa/objetos_aprendizagem/desafio/desafio.html,TRUE,Sim,Flash,https://proativa.virtual.ufc.br/athena/recursocomputador.html?n=266,
141,DIVERSÃO COM TRIGONOMETRIA,http://rived.mec.gov.br/atividades/matematica/diversao_trigonometrica/mat1_ativs1.html,TRUE,Sim,Link quebrado,Procurar novo link,
142,DIVISÃO EM FRAÇÕES GEOMÉTRICAS,http://www.projetos.unijui.edu.br/matematica/fabrica_virtual/tiago2007/pronto/index.htm,TRUE,Sim,Flash,,
143,EMBALAGENS PARA SORVETE,http://www.projetos.unijui.edu.br/matematica/fabrica_virtual/embalagens_para_sorvetes/embalagens_para_sorvetes/OBJETO/index.html,FALSE,Não,,,
144,EQUATION GRAPHER,http://www.noas.com.br/ensino-fundamental-2/matematica/equation-grapher/,TRUE,Sim,Flash,,
145,EQUIVALÊNCIA DE CAPITAIS,http://sites.unifra.br/Portals/17/Matematica/Juros/mat_ativ_juros_28_04_2008.swf,TRUE,Sim,Link quebrado,Procurar novo link,
146,ESTATÍSTICA VISUAL,http://www.noas.com.br/ensino-fundamental-2/matematica/estatistica-visual/,TRUE,Não,,,
147,EXPLORANDO FUNÇÕES POLINOMIAIS DO 1º GRAU,http://www.projetos.unijui.edu.br/matematica/2009/funcoes/,TRUE,Sim,Flash,,
148,GANGORRA INTERATIVA,http://www.proativa.virtual.ufc.br/objetos_aprendizagem/gangorra/gangorra.html,TRUE,Sim,Link quebrado,Procurar novo link,OA repetido.
149,GEOMETRIA DAS ABELHAS,http://www.projetos.unijui.edu.br/matematica/fabrica_virtual/Geometria_das_Abelhas/index.html,TRUE,Sim,Flash,,
150,GINCANA DA PROBABILIDADE,http://www.projetos.unijui.edu.br/matematica/fabrica_virtual/daniele/index.html,TRUE,Sim,Flash,,
151,GRANDE PRÊMIO FUNCIONAL,http://www2.virtual.ufc.br/proativa/objetos_aprendizagem/gpFuncional/,TRUE,Sim,Flash,https://proativa.virtual.ufc.br/athena/recursocomputador.html?n=269,
152,INTRODUÇÃO À ARQUITETURA,http://www.projetos.unijui.edu.br/matematica/fabrica_virtual/enviado_agosto2007/introducao_a_%20arquitetura/index.html,TRUE,Sim,Flash,,
153,INVESTIGAÇÃO DO XADREZ,http://www.projetos.unijui.edu.br/matematica/2009/investigacao_xadrez/,TRUE,Sim,Flash,,
154,JOGO DA MEMÓRIA EQUIVALÊNCIAS,http://www.noas.com.br/ensino-fundamental-2/matematica/jogo-da-memoria-equivalencias/,TRUE,Sim,Link quebrado,Procurar novo link,
155,MEU DOMINÓ,http://www.projetos.unijui.edu.br/matematica/2010/meu_domino/,TRUE,Sim,Flash,,
156,"MOSAICOS (TRIÂNGULOS, QUADRADOS E PENTÁGONOS)",http://www.projetos.unijui.edu.br/matematica/2009/mosaicos/,TRUE,Sim,Flash,,
157,OS EMBALOS DE SEXTA-FEIRA À NOITE,http://sites.unifra.br/Portals/17/Matematica/Tragetoria/mat_ativ_trajetoria.swf,TRUE,Sim,Link quebrado,Procurar novo link,
158,PITÁGORAS,http://www.projetos.unijui.edu.br/matematica/2011/pitagoras/index.html,TRUE,Sim,Flash,,
159,POLÍGONO NÃO CONVEXO,http://www.noas.com.br/ensino-fundamental-2/matematica/poligono-nao-convexo/,TRUE,Sim,Flash,,
160,"PONTO, RETA E PLANO",http://www.noas.com.br/ensino-fundamental-2/matematica/ponto-reta-plano/,TRUE,Sim,Flash,,
161,POTENCIALIZANDO SEU CONHECIMENTO,http://www.noas.com.br/educacao-infantil/matematica/ponteiros-a-solta/,TRUE,Sim,Link trocado,Procurar novo link,
162,QUADRADO,http://www.noas.com.br/ensino-fundamental-2/matematica/quadrado/,TRUE,Sim,Flash,,
163,QUADRILÁTEROS,http://www.projetos.unijui.edu.br/matematica/2011/quadrilatero/index.html,TRUE,Sim,Flash,,
164,RAZÕES E SEMELHANÇAS,http://www.noas.com.br/ensino-fundamental-2/matematica/razoes-e-semelhancas/,TRUE,Não,,,
165,RAZÕES TRIGONOMÉTRICAS DOS ÂNGULOS,http://www.noas.com.br/ensino-fundamental-2/matematica/razoes-trigonometricas-dos-angulos/,TRUE,Sim,Flash,,Link igual ao do id=251
166,REPRESENTAÇÕES GRÁFICAS,http://www.noas.com.br/ensino-fundamental-2/matematica/representacoes-graficas/,TRUE,Sim,Flash,,
167,SEÇÃO MERIDIANA,http://www.noas.com.br/ensino-fundamental-2/matematica/secao-meridiana/,TRUE,Sim,Flash,,
168,SEQUÊNCIA PROGRESSÕES,http://www.noas.com.br/ensino-fundamental-2/matematica/sequencias-progressoes/,TRUE,Sim,Flash,,
169,TABELA DE FRAÇÕES E PORCENTAGEM,http://www.noas.com.br/ensino-fundamental-2/matematica/tabela-de-fracoes-e-porcentagem/,TRUE,Sim,Flash,,
170,TRIGONOMETRIA PLANA,http://www.noas.com.br/ensino-fundamental-2/matematica/trigonometria-plana/,TRUE,Sim,Flash,,
171,ADIÇÃO DE VETORES,http://m3.ime.unicamp.br//media/software/1376/,TRUE,Sim,M3 Unicamp,http://www.noas.com.br/ensino-medio/matematica/algebra/algebra-vetorial/adicao-de-vetores/,
172,ALGORITIMO DE EUCLIDES DA DIVISÃO,http://www.noas.com.br/ensino-medio/matematica/algebra/algebra-vetorial/adicao-de-vetores/,TRUE,Sim,Flash,http://www.noas.com.br/ensino-medio/matematica/aritmetica/algoritmo-de-euclides-da-divisao/,
173,ÂNGULOS COMPLEMENTARES,http://www.noas.com.br/ensino-medio/matematica/trigonometria/angulos-simetricos/,TRUE,Sim,Flash,http://www.noas.com.br/ensino-medio/matematica/trigonometria/angulos-complementares/,
174,ÂNGULOS RASOS,http://www.noas.com.br/ensino-medio/matematica/trigonometria/angulos-suplementares/,TRUE,Sim,Flash,http://www.noas.com.br/ensino-medio/matematica/trigonometria/angulos-rasos/,
175,ÂNGULOS RETOS,http://www.noas.com.br/ensino-medio/matematica/aritmetica/algoritmo-de-euclides-da-divisao/,TRUE,Sim,Flash,http://www.noas.com.br/ensino-medio/matematica/trigonometria/angulos-retos/,
176,ÂNGULOS SIMÉTRICOS,http://www.projetos.unijui.edu.br/matematica/fabrica_virtual/matrizes_futebol/Matrizes_Futebol/index.html,TRUE,Sim,Flash,http://www.noas.com.br/ensino-medio/matematica/trigonometria/angulos-simetricos/,
177,ÂNGULOS SUPLEMENTARES,http://m3.ime.unicamp.br/media/software/1221/introducao.html,TRUE,Sim,M3 Unicamp,http://www.noas.com.br/ensino-medio/matematica/trigonometria/angulos-suplementares/,
178,APRENDENDO MATRIZES,http://sites.unifra.br/Portals/17/Matematica/Arranjo/arranjo.swf,TRUE,Sim,Link trocado,,
179,ARRANJO,http://www.noas.com.br/ensino-medio/matematica/trigonometria/angulos-rasos/,TRUE,Sim,Link trocado,Procurar novo link,
180,AS CURVAS DE LISSAJOUS,http://www.noas.com.br/ensino-medio/matematica/trigonometria/angulos-retos/,TRUE,Sim,Novo Link,https://m3.ime.unicamp.br/arquivos/software/1376/,"O link original era NOAS, mas comparando com a imagem presente no OBAMA o OA hospedado no IME Unicamp é o mesmo"
181,AVIÕES E MATRIZES,http://www.projetos.unijui.edu.br/matematica/fabrica_virtual/matrizes_futebol/Matrizes_Futebol/index.html,TRUE,Sim,Novo Link,https://m3.ime.unicamp.br/arquivos/software/1221/,
182,CÁLCULO NO GRÁFICO,http://m3.ime.unicamp.br/media/software/1223/introducao.html,TRUE,Sim,M3 Unicamp,,
183,"CASAS,POMBOS E MATEMÁTICA",http://www.projetos.unijui.edu.br/matematica/2010/comparador_de_funcoes/,TRUE,Sim,Flash,,
184,CICLO TRIGONOMÉTRICO,http://www.noas.com.br/ensino-medio/matematica/geometria/construcao-grafica/,TRUE,Sim,Flash,http://www.noas.com.br/ensino-medio/matematica/trigonometria/ciclo-trigonometrico/,
185,COMBINAÇÃO,http://www.noas.com.br/ensino-medio/matematica/algebra/algebra-de-funcoes/curve-fitting/,TRUE,Sim,Link trocado,Procurar novo link,
186,COMO COMPRAR SUA MOTO,http://m3.ime.unicamp.br/media/software/1224/,TRUE,Sim,M3 Unicamp,https://m3.ime.unicamp.br/arquivos/software/1236/,
187,COMO MONTAR SUA DIETA,http://m3.ime.unicamp.br/media/software/1225/,TRUE,Sim,M3 Unicamp,https://m3.ime.unicamp.br/arquivos/software/1224/,
188,COMPARADOR DE FUNÇÕES,http://m3.ime.unicamp.br/media/software/1236/,TRUE,Sim,M3 Unicamp,,
189,CONSTRUÇÃO DE SÓLIDOS DE REVOLUÇÃO,http://m3.ime.unicamp.br/media/software/1244/,TRUE,Sim,M3 Unicamp,,
190,CONSTRUÇÃO GRÁFICA,http://m3.ime.unicamp.br/media/software/1363/,TRUE,Sim,M3 Unicamp,http://www.noas.com.br/ensino-medio/matematica/geometria/construcao-grafica/,
191,CORRIDA NO LAGO,http://www.noas.com.br/ensino-medio/matematica/trigonometria/ciclo-trigonometrico/,TRUE,Sim,Novo Link,https://m3.ime.unicamp.br/arquivos/software/1225/,"O link original era NOAS, mas comparando com a imagem presente no OBAMA o OA hospedado no IME Unicamp é o mesmo"
192,CRESCIMENTO POPULACIONAL,http://sites.unifra.br/Portals/17/Matematica/Combinacao/combinacao.swf,TRUE,Sim,Novo Link,https://m3.ime.unicamp.br/arquivos/software/1244/,
193,CURVE FITTING,http://www.noas.com.br/ensino-fundamental-2/matematica/circuitos-logicos/,TRUE,Sim,Link trocado,http://www.noas.com.br/ensino-medio/matematica/algebra/algebra-de-funcoes/curve-fitting/,
194,DESENHANDO PADRÕES NO PLANO,http://m3.ime.unicamp.br/media/software/1227/,TRUE,Sim,M3 Unicamp,,
195,DETERMINANTES E POLÍGONOS,http://m3.ime.unicamp.br/media/software/1375/,TRUE,Sim,M3 Unicamp,https://m3.ime.unicamp.br/arquivos/software/1227/,
196,EMBARALHANDO IMAGENS,http://www.projetos.unijui.edu.br/matematica/2009/funcoes/,TRUE,Sim,Novo Link,https://m3.ime.unicamp.br/arquivos/software/1228/,
197,EQUAÇÃO TRIGONOMÉTRICA,http://m3.ime.unicamp.br/media/software/1237/,TRUE,Sim,M3 Unicamp,,
198,ESTIMATIVA,http://www.projetos.unijui.edu.br/matematica/fabrica_virtual/embalagens_para_sorvetes/embalagens_para_sorvetes/OBJETO/index.html,TRUE,Sim,Flash,,
199,EXPLORANDO O JOGO DO MÁXIMO,http://www.noas.com.br/ensino-fundamental-2/matematica/estatistica-visual/,TRUE,Sim,Link trocado,https://m3.ime.unicamp.br/arquivos/software/1237/,"O link original era NOAS, mas comparando com a imagem presente no OBAMA o OA hospedado no IME Unicamp é o mesmo"
200,FINANCEIRA SISTEMA PRICE,http://m3.ime.unicamp.br/media/software/1230/,TRUE,Sim,M3 Unicamp,http://www.noas.com.br/ensino-medio/matematica/estatistica/financeira-sistema-price/,
201,FORMA E VOLUME DE SÓLIDOS DE REVOLUÇÃO,http://www.noas.com.br/ensino-medio/matematica/algebra/algebra-de-funcoes/funcoes-exponenciais/,TRUE,Sim,Link trocado,Procurar novo link,
202,FUNÇÃO INVERSA DA FUNÇÃO COSSENO,http://www.noas.com.br/ensino-medio/matematica/trigonometria/funcao-inversa-da-funcao-cosseno/,TRUE,Sim,Flash,,
203,FUNÇÕES COMPOSTAS,http://www.noas.com.br/ensino-medio/matematica/trigonometria/funcoes-compostas/,TRUE,Sim,Flash,,
204,FUNÇÕES EXPONENCIAIS,http://www.noas.com.br/ensino-medio/matematica/algebra/algebra-de-funcoes/funcoes-exponenciais/,TRUE,Sim,Flash,,
205,FUNÇÕES LOGARÍTMICAS,http://www.noas.com.br/ensino-medio/matematica/algebra/algebra-de-funcoes/funcoes-logaritmicas/,TRUE,Sim,Flash,,
206,FUNÇÕES MODULARES,http://www.noas.com.br/ensino-medio/matematica/algebra/algebra-de-funcoes/funcoes-modulares/,TRUE,Sim,Flash,,
207,FUNÇÕES POLINOMIAIS,http://www.noas.com.br/ensino-medio/matematica/algebra/algebra-de-funcoes/funcoes-polinomiais/,TRUE,Sim,Flash,,
208,FUNÇÕES RECÍPROCAS,http://www.noas.com.br/ensino-medio/matematica/algebra/algebra-de-funcoes/funcoes-reciprocas/,TRUE,Sim,Flash,,
209,FUNÇÕES SENO E CO-SENO,http://www.noas.com.br/ensino-medio/matematica/estatistica/financeira-sistema-price/,TRUE,Sim,Link trocado,Procurar novo link,
210,FUNÇÕES TRIGONOMÉTRICAS,http://www.projetos.unijui.edu.br/matematica/fabrica_virtual/radio/entregues/objeto_nas_ondas_do_radio/objeto2/mat1_ativ2.html,TRUE,Sim,Flash,,
211,GEOMETRIA DO TÁXI- CONTAGEM,http://m3.ime.unicamp.br/media/software/1222/,TRUE,Sim,M3 Unicamp,,
212,GEOMETRIA DO TÁXI- DISTÂNCIAS,http://www.noas.com.br/ensino-medio/matematica/geometria/geometria-espacial/geometria-espacial-metrica/,TRUE,Sim,Link trocado,Procurar novo link,
213,GEOMETRIA DO TÁXI- FORMAS GEOMÉTRICAS,http://www.noas.com.br/ensino-medio/matematica/geometria/geometria-espacial/geometria-metrica-e-espacial/,TRUE,Sim,Link trocado,Procurar novo link,
214,GEOMETRIA ESPACIAL MÉTRICA,http://www.noas.com.br/ensino-medio/matematica/geometria/geometria-plana/geometria-plana-medidas/,TRUE,Sim,Flash,http://www.noas.com.br/ensino-medio/matematica/geometria/geometria-espacial/geometria-espacial-metrica/,
215,GEOMETRIA MÉTRICA E ESPACIAL,http://m3.ime.unicamp.br/media/software/1229/,TRUE,Sim,M3 Unicamp,http://www.noas.com.br/ensino-medio/matematica/geometria/geometria-espacial/geometria-metrica-e-espacial/,
216,GEOMETRIA NO MEU QUARTO,http://m3.ime.unicamp.br/media/software/1231/,TRUE,Sim,M3 Unicamp,,
217,GEOMETRIA PLANA MEDIDAS,http://m3.ime.unicamp.br/media/software/1234/,TRUE,Sim,M3 Unicamp,,
218,GRAFICANDO,http://m3.ime.unicamp.br/media/software/1247/,TRUE,Sim,M3 Unicamp,http://www.projetos.unijui.edu.br/matematica/2010/graficando/,
219,GRÁFICOS E ESTATÍSTICOS: HISTOGRAMA,http://m3.ime.unicamp.br/media/software/1234/,TRUE,Sim,M3 Unicamp,,
220,GRÁFICOS ESTATÍSTICOS: BARRAS E SETORES,http://www.projetos.unijui.edu.br/matematica/fabrica_virtual/geometria_no_meu_quarto/geometria_no_meu_quarto/Objeto/index.html,TRUE,Sim,Flash,,
221,GRÁFICOS LINEARES,http://www.noas.com.br/ensino-medio/matematica/algebra/algebra-de-funcoes/graficos-lineares/,TRUE,Não,,,
222,GRAFOS E MATRIZES,http://www.projetos.unijui.edu.br/matematica/2010/graficando/,TRUE,Sim,Flash,,
223,INTRODUÇÃO A FRAÇÕES,http://www.projetos.unijui.edu.br/matematica/fabrica_virtual/enviado_agosto2007/introducao_a_%20arquitetura/index.html,TRUE,Sim,Flash,,
224,JANELAS EM ARCO FERRADURA,http://m3.ime.unicamp.br/media/software/1219/,TRUE,Sim,M3 Unicamp,https://m3.ime.unicamp.br/arquivos/software/1219/,
225,JANELAS EM ARCO ROMANO,http://m3.ime.unicamp.br/media/software/1220/,TRUE,Sim,M3 Unicamp,https://m3.ime.unicamp.br/arquivos/software/1220/,O OA foi unido com o 'JANELAS EM ARCO FERRADURA' em um só. Avaliar trocar nome do OA para = Janelas em Arcos Romano e Ferradura
226,JOGO DOS POLINÔMIOS,http://m3.ime.unicamp.br/media/software/1235/,TRUE,Sim,M3 Unicamp,,
227,LEI DOS COSSENOS,http://www.noas.com.br/ensino-medio/matematica/geometria/geometria-plana/lei-dos-cossenos/,TRUE,Sim,Flash,,
228,MATEMÁTICA COM SORVETES,http://m3.ime.unicamp.br/media/software/1232/,TRUE,Sim,M3 Unicamp,,
229,MEDIDAS DO CORPO: BOX PLOT,http://m3.ime.unicamp.br/media/software/1233/,TRUE,Sim,M3 Unicamp,https://m3.ime.unicamp.br/arquivos/software/1238/,
230,MEDIDAS DO CORPO: GRÁFICO DE DISPERSÃO,http://m3.ime.unicamp.br/media/software/1238/,TRUE,Sim,M3 Unicamp,https://m3.ime.unicamp.br/arquivos/software/1232/,
231,MEDIDAS DO CORPO: GRÁFICOS UNIVARIADOS,http://m3.ime.unicamp.br/media/software/1239/,TRUE,Sim,M3 Unicamp,https://m3.ime.unicamp.br/arquivos/software/1233/,
232,MEDINDO ÂNGULOS,http://www.noas.com.br/ensino-medio/matematica/aritmetica/mico-matematico/,TRUE,Sim,Link trocado,Procurar novo link,
233,MOVIMENTOS COMPLEXOS,http://www.projetos.unijui.edu.br/matematica/fabrica_virtual/matematica_com_sorvete/matematica_com_sorvete/OBJETO/index.html,TRUE,Sim,Novo Link,https://m3.ime.unicamp.br/arquivos/software/1239/,
234,NAVEGANDO EM ALTO MAR,http://www.rived.ufu.br/objetos/matematica/nocoes%20trigonometricas/mat1_ativs1.html,TRUE,Sim,Link quebrado,,
235,NOÇÕES TRIGONOMÉTRICAS,http://www.projetos.unijui.edu.br/matematica/fabrica_virtual/navegando_em_alto_mar/index.html,TRUE,Sim,Flash,,
236,O BANHO,http://www.projetos.unijui.edu.br/matematica/2009/pontosxyz/,TRUE,Sim,Flash,,
237,O FUGITIVO,http://www2.fe.usp.br/~mef-pietro/rived/sim_energia_banho.html,TRUE,Sim,Flash,,
238,OBJETOS PARA LOCALIZAÇÃO DE PONTOS NO ESPAÇO,http://www2.fe.usp.br/~mef-pietro/rived/sim_fis_fugitivo.html,TRUE,Sim,Flash,,
239,ONDAS TRIGONOMÉTRICAS,http://m3.ime.unicamp.br/media/software/1240/,TRUE,Sim,M3 Unicamp,https://m3.ime.unicamp.br/arquivos/software/1240/,
240,OTIMIZAÇÃO DE JANELAS,http://m3.ime.unicamp.br/media/software/1241/,TRUE,Sim,M3 Unicamp,https://m3.ime.unicamp.br/arquivos/software/1243/,
241,OTIMIZAÇÃO DE JANELAS COM TOPO TRIANGULAR,http://m3.ime.unicamp.br/media/software/1242/,TRUE,Sim,M3 Unicamp,,
242,OTIMIZAÇÃO DO CONE,http://m3.ime.unicamp.br/media/software/1243/,TRUE,Sim,M3 Unicamp,,
243,PERMUTAÇÃO,http://m3.ime.unicamp.br/media/software/1245/,TRUE,Sim,M3 Unicamp,http://sites.unifra.br/Portals/17/Matematica/Permutacao/Permutacao.swf,
244,PONTOS EM BATALHA,http://sites.unifra.br/Portals/17/Matematica/Permutacao/Permutacao.swf,TRUE,Sim,Link quebrado,,
245,PORCENTAGEM (GRÁFICO DE BARRAS),http://objetoseducacionais2.mec.gov.br/bitstream/handle/mec/1643/open/file/index.htm?sequence=41,TRUE,Sim,Flash,,
246,PRISMA,http://www.projetos.unijui.edu.br/matematica/fabrica_virtual/exponencial/index.html,TRUE,Sim,Flash,http://www.noas.com.br/ensino-medio/matematica/geometria/geometria-espacial/prisma/,
247,PROBABILIDADE COM URNAS,http://www.noas.com.br/ensino-medio/matematica/geometria/geometria-espacial/prisma/,TRUE,Sim,Link trocado,Procurar novo link,
248,PROBABILIDADE DE PLINKO,http://www.projetos.unijui.edu.br/matematica/2011/pitagoras/index.html,FALSE,Sim,Novo Link,http://www.noas.com.br/ensino-medio/matematica/estatistica/probabilidade-plinko/,
249,PROBABILIDADE: A MATEMÁTICA AO ACASO,http://www.projetos.unijui.edu.br/matematica/2010/porcentagem_barras/,TRUE,Sim,Flash,,
250,PROBABILIDADES,http://www.noas.com.br/ensino-medio/matematica/estatistica/probabilidade-plinko/,TRUE,Sim,Link trocado,Procurar novo link,Confirmar se realmente está trocado o link
251,RAZÕES TRIGONOMÉTRICAS,http://www.noas.com.br/ensino-fundamental-2/matematica/razoes-trigonometricas-dos-angulos/,TRUE,Sim,Flash,,Link igual ao do id=165
252,SALTO DOS RECORDES,http://www.projetos.unijui.edu.br/matematica/2011/sinuca/sinuca.swf,TRUE,Sim,Flash,,
253,SINUCA,http://www2.fe.usp.br/~mef-pietro/rived/sim_fis_saltorecorde.html,TRUE,Sim,Flash,,
254,TRIGONOMETRIA DE HALOS,http://www.projetos.unijui.edu.br/matematica/fabrica_virtual/Jogo_matematica_financeira/objeto/index.html,TRUE,Sim,Novo Link,https://m3.ime.unicamp.br/arquivos/software/1249/,"O link original era Unijui, mas comparando com a imagem presente no OBAMA o OA hospedado no IME Unicamp é o mesmo"
255,TRIGONOMETRIA E RAIOS LUMINOSOS,http://m3.ime.unicamp.br/media/software/1249/,TRUE,Sim,M3 Unicamp,https://m3.ime.unicamp.br/arquivos/software/1250/,
256,TRIGONOMETRIA PLANA 1,http://www.noas.com.br/ensino-medio/matematica/trigonometria/trigonometria-plana-dilatacao/,TRUE,Sim,Flash,http://www.noas.com.br/ensino-fundamental-2/matematica/trigonometria-plana-1/,trocar link pelo link do id=259
257,TRIGONOMETRIA PLANA EQUAÇÃO TRIGONOMÉTRICA,http://www.noas.com.br/ensino-medio/matematica/trigonometria/trigonometria-plana-equacao-trigonometrica/,TRUE,Sim,Flash,,
258,TRIGONOMETRIA PLANA FUNÇÃO CONTANGENTE,http://www.noas.com.br/ensino-medio/matematica/trigonometria/trigonometria-plana-funcao-contangente/,TRUE,Sim,Flash,,
259,"TRIGONOMETRIA PLANA, DILATAÇÃO",http://www.noas.com.br/ensino-fundamental-2/matematica/trigonometria-plana-1/,TRUE,Sim,Flash,http://www.noas.com.br/ensino-medio/matematica/trigonometria/trigonometria-plana-dilatacao/,trocar link pelo link do id=556
260,TRILHA DA ECONOMIA,http://m3.ime.unicamp.br/media/software/1250/,TRUE,Sim,M3 Unicamp,,
261,2048,https://gabrielecirulli.github.io/2048/,TRUE,Não,,,
262,A ÁLGEBRA DOS VITRÔS,http://www.projetos.unijui.edu.br/matematica/principal/fundamental/raquel_leonogildo_gustavo_tania/projeto2MX.html,TRUE,Sim,Flash,,
263,A EXPANSÃO DECIMAL DE UM NÚMERO (PARTE 3),http://www.uff.br/cdme/edn/edn-html/edn-mba-br.html,FALSE,Sim,Novo Link,http://www.cdme.im-uff.mat.br/edn/edn-html/edn-mba-br.html,
264,ACERTE NA MEDIDA,http://www.hypatiamat.com/comp_perimetros_web.php,TRUE,Sim,Link quebrado,,
265,ÁGUA EM JOGO,https://www.aguaegestao.com.br/aguaemjogo/,TRUE,Sim,Link quebrado,,
266,ALGUMAS PROPRIEDADES MATEMÁTICAS DO NÚMERO DE OURO,http://www.uff.br/cdme/rza/rza-html/rza-math-br.html,FALSE,Sim,Novo Link,http://www.cdme.im-uff.mat.br/rza/rza-html/rza-math-br.html,
267,ANALISANDO AS ÁREAS,http://mdmat.mat.ufrgs.br/repositorio/areas/objeto.htm,TRUE,Sim,Flash,,
268,ANATOMIA DE UMA FUNÇÃO QUADRÁTICA,http://www.uff.br/cdme/fqa/fqa-html/fqa-gs-mathml-br.html,FALSE,Sim,Novo Link,http://www.cdme.im-uff.mat.br/fqa/fqa-html/fqa-gs-mathml-br.html,
269,ARREDONDANDO DECIMAIS,http://escola.britannica.com.br/resources/lm/GM_6_21/GM_6_21.htm,FALSE,Não,,,
270,AS VERDADEIRAS PROPORÇÕES DO “HOMEM VITRUVIANO”,http://www.uff.br/cdme/rza/rza-html/rza-vitruvian-br.html,FALSE,Sim,Novo Link,http://www.cdme.im-uff.mat.br/rza/rza-html/rza-vitruvian-br.html,
271,BRINCANDO COM O TEODOLITO – ÂNGULO CONGRUENTE,http://www.uff.br/cdme/trigonometria/jogo05/jogo05.html,FALSE,Sim,Novo Link,http://www.cdme.im-uff.mat.br/trigonometria/jogo05/jogo05.html,
272,CAÇANDO RAÍZES MATEMÁTICAS,http://www.educopedia.com.br/EducoFiles/f611d000-e29d-4e41-88a0-f3ec9db24502.exe,TRUE,Sim,Flash,,
273,CAFETERIA AUTOMÁTICA,http://mdmat.mat.ufrgs.br/anos_iniciais/objetos/maquina.htm,TRUE,Sim,Link trocado,Procurar novo link,OA repetido.
274,COMO B DEPENDE DE A?,http://www.uff.br/cdme/c1d/c1d-html/c1d-br.html,FALSE,Sim,Novo Link,http://www.cdme.im-uff.mat.br/c1d/c1d-html/c1d-br.html,
275,COMPLETANDO OS NÚMEROS,http://www.escolagames.com.br/jogos/completandoNumeros/,TRUE,Não,,,
276,"COMPRIMENTOS, PERÍMETROS E ÁREAS DE FIGURAS",http://www.mangahigh.com/pt-br/games/pyramidpaniclite,TRUE,Sim,Novo Link,https://www.mangahigh.com/pt-br/games/pyramidpanic,
277,CONJUNTOS NUMÉRICOS,http://sites.aticascipione.com.br/ser/jogosSer/matematica/conjuntos_numericos/conjunto-numeros.swf,TRUE,Sim,Link quebrado,,
278,CONVERTER DECIMAIS EM PORCENTAGENS E FRAÇÕES,http://www.mangahigh.com/pt-br/jogos_matematicos/numerais/decimais/converter_decimais_em_porcentagens_e_fracoes,TRUE,Sim,Link quebrado,,
279,DEMONSTRAÇÃO DO TEOREMA DE PITÁGORAS,http://www.uff.br/cdme/dsp/dsp-html/dsp-tp-br.html,FALSE,Sim,Novo Link,http://www.cdme.im-uff.mat.br/dsp/dsp-html/dsp-tp-br.html,
280,DESVENDANDO A SENHA,http://www.educopedia.com.br/EducoFiles/01886ee6-ac7e-4933-bc4a-9c327f48ddbe.exe,TRUE,Sim,Flash,,
281,DIVIDINDO A PIZZA,http://www.escolagames.com.br/jogos/dividindoPizza/,TRUE,Sim,Flash,,
282,ENIGMA DAS FRAÇÕES,http://acervo.novaescola.org.br/swf/jogos/exibi-jogo.shtml?211_enigma_fracoes.swf,TRUE,Sim,Link quebrado,,
283,ESCALA DE PROBABILIDADE,http://campus.mangahigh.com/pt-br/px/490/0/0,TRUE,Sim,Outros,,OA não carrega por erro de CORS
284,"FATORE QUADRÁTICAS SIMPLES E DIFÍCEIS, INCLUINDO QUADRÁTICAS COM FATORES COMUNS",http://www.mangahigh.com/pt-br/games/wrecksfactor,TRUE,Não,,,
285,FORMAR UMA EXPRESSÃO OU FÓRMULA,http://www.mangahigh.com/pt-br/jogos_matematicos/algebra/formando_algebra/formar_uma_expressao_ou_formula,TRUE,Sim,Link quebrado,,
286,FRAÇÃO COMO PARTE-TODO,http://www.mathplayground.com/Triplets/Triplets.html,TRUE,Não,,,
287,FRAÇÃO LEGAL 2,http://phet.colorado.edu/pt_BR/simulation/fraction-matcher,TRUE,Não,,,
288,FRAÇÕES DO PROFESSOR SAGAZ,http://www.tsampaio.com/ic/objetos/kit1/index.html,TRUE,Sim,Link quebrado,,
289,FRAÇÕES E DECIMAIS,"http://www.mangahigh.com/pt-br/jogos_matematicos/numerais/fracoes,_porcentagens_e_razoes/relacionando_fracoes_e_decimais",TRUE,Sim,Link quebrado,,
290,FRAÇÕES EQUIVALENTES,http://objetoseducacionais2.mec.gov.br/bitstream/handle/mec/10471/Fra%C3%A7%C3%B5es_Equivalentes.swf?sequence=1,TRUE,Sim,Flash,,
291,ICE ICE MAYBE,http://www.mangahigh.com/pt-br/games/iceicemaybe,TRUE,Não,,,
292,INICIALIZAÇÃO AO CONHECIMENTO DE SIMETRIA,http://www.jogarjogogratis.com.br/jogos-de-puzzle/construir-formas-geometricas/,TRUE,Sim,Link quebrado,,
293,JOGO DA CLASSIFICAÇÃO DOS QUADRILÁTEROS,http://www.uff.br/cdme/jct/jct-html/jct-br.html,FALSE,Sim,Novo Link,http://www.cdme.im-uff.mat.br/jct/jct-html/jct-br.html,
294,JOGO DA TOMOGRAFIA,http://www.uff.br/cdme/tomografia/tomografia-html/tomografia-br.html,FALSE,Sim,Novo Link,http://www.cdme.im-uff.mat.br/tomografia/tomografia-html/tomografia-br.html,
295,JOGO DA VELHA,http://www.funbrain.com/cgi-bin/ttt.cgi?A1=s&A2=4&A3=0,TRUE,Não,,,
296,JOGO DA VELHA DE POTENCIAÇÃO,http://www.funbrain.com/cgi-bin/ttt.cgi?A1=s&A2=4&A3=0,TRUE,Sim,Outros,,OA repetido.
297,JOGO DOS RECIPIENTES,http://www.somatematica.com.br/jogos/recipientes/,TRUE,Sim,Flash,,
298,JOGO SEQUÊNCIA DE NÚMEROS,http://www.imagem.eti.br/jogo_com_numeros/jogo_sequencia_de_numeros.html,TRUE,Não,,,
299,JOGO SIGMA PRIME,http://www.mangahigh.com/pt-br/games/wrecksfactor,TRUE,Não,,,
300,LABIRINTO DA TABUADA,https://novaescola.org.br/arquivo/jogos/labirinto-tabuada/,TRUE,Sim,Flash,,
301,LIGA PONTOS,http://mdmat.mat.ufrgs.br/anos_iniciais/objetos/liga_pontos.htm,TRUE,Sim,Flash,,
302,LÓGICA MATEMÁTICA - ANIMAIS,http://www.soplaar.com/jogos_educativos_2/logica_matematica_animais/index.php,TRUE,Sim,Link quebrado,,
303,LOUCA CORRIDA DE MATEMÁTICA,http://www.atividadesdematematica.com/jogos-de-adicao-e-subtracao/louca-corrida-de-matematica,TRUE,Sim,Flash,,
304,MÁQUINA DE CAFÉ,http://mdmat.mat.ufrgs.br/anos_iniciais/objetos/maquina.htm,TRUE,Sim,Flash,,
305,MATRIZES E TRANSIÇÕES DE IMAGENS,http://www.uff.br/cdme/matrix/matrix-html/matrix_morph/matrix_morph_br.html,FALSE,Sim,Novo Link,http://www.cdme.im-uff.mat.br/matrix/matrix-html/matrix_morph/matrix_morph_br.html,
306,MÉDIA ARITMÉTICA – MODELO DE PESO,http://teca.cecierj.edu.br/popUpVisualizar.php?id=50634,FALSE,Não,,,
307,MEDINDO CONTORNO,http://www.hypatiamat.com/calcular_perimetros_web.php,TRUE,Não,,,
308,MEMÓRIA GEOMÉTRICA,http://objetoseducacionais2.mec.gov.br/bitstream/handle/mec/10469/Figuras_Geom%C3%A9tricas.swf?sequence=1,TRUE,Sim,Flash,,
309,MINA DOS NÚMEROS DECIMAIS,http://matematicazup.com.br/jogos-de-matematica-numeros-decimais/,TRUE,Sim,Flash,,
310,MULTIPLICAÇÃO E DIVISÃO COM MILHARES,http://escola.britannica.com.br/resources/lm/GM_5_3/GM_5_3.htm,FALSE,Não,,,
311,NO MERCADO MÁGICO,http://www.soplaar.com/jogos_educativos_2/nave_sucessor_antecessor/index.php,TRUE,Sim,Link quebrado,,
312,NÚMEROS DECIMAIS IGUAIS OU NÃO?,http://escola.britannica.com.br/resources/lm/GM_5_24/GM_5_24.htm,FALSE,Não,,,
313,NÚMEROS DECIMAIS NA RETA NUMÉRICA 1,http://pt.khanacademy.org/math/arithmetic/arith-decimals/arith-review-decimals-number-line/e/decimals_on_the_number_line_1,TRUE,Não,,,
314,O NÚMERO DE OURO EM DESENHOS E PINTURAS: VERDADE OU MENTIRA?,http://www.uff.br/cdme/rza/rza-html/rza-paintings-br.html,FALSE,Sim,Novo Link,http://www.cdme.im-uff.mat.br/rza/rza-html/rza-paintings-br.html,
315,PASTIMES,http://www.gringene.org/pastimes.html,TRUE,Não,,,
316,PAVIMENTAÇÃO DO PLANO COM POLÍGONOS REGULARES DE UM SÓ TIPO,http://www.uff.br/cdme/ppr/ppr-html/ppr-mt-br.html,FALSE,Sim,Novo Link,http://www.cdme.im-uff.mat.br/ppr/ppr-html/ppr-mt-br.html,
317,PIDMAS BLASTER LITE,http://www.mangahigh.com/pt-br/games/bidmasblasterlite,TRUE,Sim,Link quebrado,,
318,PORCENTAGENS,http://escola.britannica.com.br/resources/lm/GM_6_25/GM_6_25.htm,FALSE,Não,,,
319,POSICIONE O BESOURO,http://resources.oswego.org/games/BillyBug2/bug2.html,FALSE,Não,,,
320,RAPID MATH,http://www.mindgames.com/game/Rapid+Math,TRUE,Não,,,
321,REDUÇÃO DE FRAÇÕES,http://escola.britannica.com.br/resources/lm/GM_4_18/GM_4_18.htm,FALSE,Não,,,
322,RESOLUÇÃO PASSO A PASSO – EQUAÇÃO DE 2º GRAU,http://www.profcardy.com/exercicios/passo-a-passo-quadratica.php,TRUE,Não,,,
323,SUDOKU,http://rachacuca.com.br/logica/sudoku/,TRUE,Não,,,
324,TABUADA DO DINO,http://www.atividadesdematematica.com/jogar-jogos-de-matematica/jogo-tabuada-do-dino,TRUE,Não,,,
325,TANGRAM,http://rachacuca.com.br/raciocinio/tangram/,TRUE,Não,,,
326,THE WRECKS FACTOR,http://www.mangahigh.com/pt-br/games/wrecksfactor,TRUE,Não,,,
327,TIPOS DE TRIÂNGULO,http://www.mangahigh.com/pt-br/jogos_matematicos/formas/triangulos/tipos_de_triangulo,FALSE,Não,,,
328,TRANSFORMANDO FRAÇÕES,http://www.mangahigh.com/pt-br/jogos_matematicos/numerais/fracoes/transformar_fracoes_em_porcentagens_e_decimais,TRUE,Sim,Link quebrado,,
329,UMA PROVA SEM PALAVRAS,http://www.geogebra.org/m/ZFTGX57r,TRUE,Não,,,
330,USAR A LINGUAGEM DE PROBABILIDADE,http://campus.mangahigh.com/pt-br/px/720/0/0,TRUE,Sim,Outros,,OA não carrega por erro de CORS
331,ACERTE O ALVO,http://www.soplaar.com/jogos_educativos_2/acerte_alvo_matematica_paintball/index.php,TRUE,Sim,Novo Link,http://www.soplaar.com/jogos_educativos_2/acerte_alvo_jogo_cupido/index.php,
332,ADIÇÃO E SUBTRAÇÃO DE 0 A 10,http://escola.britannica.com.br/resources/lm/GM_1_8/GM_1_8.htm,FALSE,Não,,,
333,ADIVINHA O NÚMERO,http://www.catraios.ipb.pt/KIDS/jogos/acerta_num/acerta_numero.htm,TRUE,Sim,Link quebrado,,
334,ANIMAIS DOMÉSTICOS E SILVESTRES,http://www.noas.com.br/ensino-fundamental-1/matematica/animais-domesticos-e-silvestres/,TRUE,Sim,Flash,,OA repetido.
335,CAI E PEGA (PAR E ÍMPAR),http://www.soplaar.com/jogos_educativos_2/cai_pega_par_impar/index.php,TRUE,Sim,Link quebrado,,
336,CAMINHO ESPACIAL - MATEMÁTICA,http://www.soplaar.com/jogos_educativos_2/caminho_espacial_matematica/index.php,TRUE,Sim,Link quebrado,,
337,CAMINHO FUNDO DO MAR,http://www.soplaar.com/jogos_educativos_2/caminho_fundo_mar_matematica/index.php,TRUE,Sim,Link quebrado,,
338,CAMINHO HALLOWEEN MATEMÁTICA,http://www.soplaar.com/jogos_educativos_2/caminho_halloween_matematica/index.php,TRUE,Sim,Link quebrado,,
339,CARTELAS SOBREPOSTAS,http://www.educacaodinamica.com.br/ed/views/game_educativo.php?id=16&jogo=Cartelas%20Sobrepostas,TRUE,Não,,,
340,CASA DE CARNE,http://www.escolagames.com.br/jogos/casaDeCarne/,TRUE,Não,,,
341,CONTANDO DE 5 EM 5,http://escola.britannica.com.br/resources/lm/GM_1_23/GM_1_23.htm,FALSE,Não,,,
342,"DAQUI PRA LÁ, DE LÁ PRA CÁ",http://acervo.novaescola.org.br/swf/jogos/exibi-jogo.shtml?212_mapa.swf,TRUE,Sim,Link quebrado,,
343,FECHE A CAIXA,http://acervo.novaescola.org.br/swf/jogos/exibi-jogo.shtml?201_caixa.swf,TRUE,Sim,Link quebrado,,
344,JOGO CUPIDO,http://www.soplaar.com/jogos_educativos_2/acerte_alvo_jogo_cupido/index.php,TRUE,Sim,Link quebrado,,
345,JOGO DA ANTECIPAÇÃO (ESTIMATIVA),http://acervo.novaescola.org.br/swf/jogos/antecipacao/default.html,TRUE,Sim,Link quebrado,,
346,JOGO DA MEMÓRIA COM MEDIDAS,http://escola.britannica.com.br/resources/lm/GM_5_11/GM_5_11.htm,FALSE,Não,,,
347,JOGO DA MEMÓRIA DE MATEMÁTICA: DESCUBRA OS DOBROS,http://acervo.novaescola.org.br/fundamental-1/jogo-memoria-matematica-descubra-dobros-637051.shtml,FALSE,Não,,,
348,JOGO DA MEMÓRIA DE MATEMÁTICA: EXPRESSÕES EQUIVALENTES,http://acervo.novaescola.org.br/fundamental-1/jogo-memoria-matematica-expressoes-equivalentes-637043.shtml,FALSE,Não,,,
349,JOGO DA MEMÓRIA DE MATEMÁTICA: SUBTRAÇÃO COM BASE NO 10,http://acervo.novaescola.org.br/fundamental-1/jogo-memoria-matematica-subtracao-base-10-637050.shtml,FALSE,Não,,,
350,JOGO DO CASTELO,http://acervo.novaescola.org.br/swf/jogos/exibi-jogo.shtml?200_castelo-2.swf,TRUE,Sim,Link quebrado,,
351,LABIRINTO DA TABUADA (MULTIPLICAÇÃO),http://acervo.novaescola.org.br/matematica/pratica-pedagogica/jogo-tabuada-428051.shtml,TRUE,Sim,Link quebrado,,
352,MATEMÁTICA CALCULADORA,http://www.soplaar.com/jogos_educativos_2/matematica_moeda/index.php,TRUE,Sim,Link quebrado,,
353,MATEMÁTICA CARRO,http://www.soplaar.com/jogos_educativos_2/matematica_carro/index.php,TRUE,Sim,Link quebrado,,
354,MATEMÁTICA FOGUETE,http://www.soplaar.com/jogos_educativos_2/matematica_foguete/index.php,TRUE,Sim,Link quebrado,,
355,MATEMÁTICA NATAÇÃO,http://www.soplaar.com/jogos_educativos_2/matematica_natacao/index.php,TRUE,Sim,Link quebrado,,
356,MATEMÁTICA SKATE,http://www.soplaar.com/jogos_educativos_2/matematica_skate/index.php,TRUE,Sim,Link quebrado,,
357,MATHEMATICAL GAME ADDITION,http://www.soplaar.com/jogos_educativos_2/matematica_skate/index.php,TRUE,Sim,Link quebrado,,
358,NAVE ANTECESSOR/SUCESSOR,http://www.soplaar.com/jogos_educativos_2/nave_sucessor_antecessor/index.php,TRUE,Sim,Link quebrado,,
359,PIZZARIA DOS NÚMEROS,http://www.nossoclubinho.com.br/pizzaria-dos-numeros/,TRUE,Sim,Flash,,
360,POLÍGONOS,http://www.cercifaf.org.pt/mosaico.edu/ca/poligonos.html,TRUE,Sim,Flash,,
361,QUATRO EM LINHA,http://www.genmagic.org/mates3/jtauc.swf,TRUE,Sim,Link quebrado,,
362,ROLETAS DE MULTIPLICAÇÃO,http://www.noas.com.br/ensino-fundamental-1/matematica/roletas-da-multiplicacao/,TRUE,Sim,Flash,,
363,ROMANOS ESPACIAIS,http://www.soplaar.com/jogos_educativos_2/nave_romanos_espaciais/index.php,TRUE,Sim,Link quebrado,,
364,SEQUÊNCIAS NUMÉRICAS 2,http://www.noas.com.br/ensino-fundamental-1/matematica/sequencias-numericas-2/,TRUE,Sim,Flash,,
365,CAI E SELECIONA OBJETOS - NÚMEROS,http://www.soplaar.com/jogos_educativos_2/cai_seleciona_objetos_numeros/index.php,TRUE,Sim,Link quebrado,,
366,CIBERMAT,http://objetoseducacionais2.mec.gov.br/bitstream/handle/mec/11412/CiberMa.zip?sequence=3,TRUE,Não,,,
367,CONTAR OBJETOS,http://www.soplaar.com/jogos_educativos_2/contar_objetos_quadro/index.php,TRUE,Sim,Link quebrado,,
368,CORAL DIDÁTICO,http://www.escolagames.com.br/jogos/coralDidatico/,TRUE,Não,,,
369,FILHO MANEIRO,http://iguinho.com.br/jogo-filho-maneiro.html,TRUE,Sim,Flash,,
370,JOGO MAIOR OU MENOR - FIGURAS GEOMÉTRICAS,http://www.soplaar.com/jogos_educativos_2/reflexo_maior_menor_figuras_geometricas/index.php,TRUE,Sim,Link quebrado,,
371,LABIRINTO NÚMEROS,http://www.soplaar.com/jogos_educativos_2/labirinto_numeros/index.php,TRUE,Sim,Link quebrado,,
372,LIGAR PONTOS - SEQUÊNCIA,http://www.soplaar.com/jogos_educativos_2/ligar_pontos_girafa/index.php,TRUE,Sim,Link quebrado,,
373,REFLEXO - MAIOR OU MENOR - ANIMAIS,http://www.soplaar.com/jogos_educativos_2/reflexo_maior_menor_animais_novo/index.php,TRUE,Sim,Link quebrado,,
374,EQUAÇÕES DE PROPORCIONALIDADE,http://www.mangahigh.com/pt-br/jogos_matematicos/algebra/equacoes_de_proporcionalidade/proporcao_direta,TRUE,Sim,Link quebrado,,
375,ESCREVENDO EXPRESSÕES ALGÉBRICAS,http://www.mangahigh.com/pt-br/jogos_matematicos/algebra/formando_algebra/formar_uma_expressao_ou_formula,TRUE,Sim,Link quebrado,,
376,FORMANDO 1 (NUMBER BONDS FRACTIONS),http://www.mathplayground.com/number_bonds_fractions.html,TRUE,Não,,,
377,GEOGEBRA APP,http://www.geogebra.org/apps/,TRUE,Não,,,
378,GEOMETRIA DO TÁXI – FORMAS GEOMÉTRICAS,http://m3.ime.unicamp.br/media/software/1248,TRUE,Sim,M3 Unicamp,,
379,GRÁFICO DA FUNÇÃO COSSENO (USANDO O RADIANO COMO MEDIDA DE ÂNGULOS),http://www.uff.br/cdme/ftr/ftr-html/ftr-cosseno-rad-br.html,FALSE,Sim,Novo Link,http://www.cdme.im-uff.mat.br/ftr/ftr-html/ftr-cosseno-rad-br.html,
380,GRÁFICO DA FUNÇÃO SENO (USANDO O GRAU COMO MEDIDA DE ÂNGULOS),http://www.uff.br/cdme/ftr/ftr-html/ftr-seno-deg-br.html,FALSE,Sim,Novo Link,http://www.cdme.im-uff.mat.br/ftr/ftr-html/ftr-seno-deg-br.html,
381,LABIRINTO DE EQUAÇÕES BIQUADRADAS,http://www.educopedia.com.br/EducoFiles/acd990e6-194f-4d23-a9ca-1377b0f9fda0.exe,TRUE,Sim,Flash,,
382,MATRIZES E IMAGENS COLORIDAS,http://www.uff.br/cdme/matrix/matrix-html/matrix_morph/matrix_morph_br.html,FALSE,Sim,Novo Link,http://www.cdme.im-uff.mat.br/matrix/matrix-html/matrix_morph/matrix_morph_br.html,
383,O JOGO DOS ÍNDICES,http://www.uff.br/cdme/matrix/matrix-html/matrix_boolean/jdi_alpha_br.html,FALSE,Sim,Novo Link,http://www.cdme.im-uff.mat.br/matrix/matrix-html/matrix_boolean/jdi_alpha_br.html,
384,O PROBLEMA DO BARBANTE: QUADRADO E TRIÂNGULO,http://www.uff.br/cdme/pbt/pbt-html/pbt-01-br.html,FALSE,Sim,Novo Link,http://www.cdme.im-uff.mat.br/pbt/pbt-html/pbt-01-br.html,
385,O PROBLEMA DO TRIÂNGULO ISÓSCELES,http://www.uff.br/cdme/ptr/ptr-html/ptr-01-br.html,FALSE,Sim,Novo Link,http://www.cdme.im-uff.mat.br/ptr/ptr-html/ptr-01-br.html,
386,PAVIMENTAÇÃO DO PLANO COM POLÍGONOS REGULARES DE TIPOS DIFERENTES,http://www.uff.br/cdme/ppr/ppr-html/ppr-st-br.html,FALSE,Sim,Novo Link,http://www.cdme.im-uff.mat.br/ppr/ppr-html/ppr-st-br.html,
387,PROBABILIDADE: 2 DADOS,http://www.uff.br/cdme/prob-doisdados/prob-doisdados-html/prob-doisdados.html,FALSE,Sim,Novo Link,http://www.cdme.im-uff.mat.br/prob-doisdados/prob-doisdados-html/prob-doisdados.html,
388,PROBABILIDADE: EVENTOS EQUIPROVÁVEIS,http://www.uff.br/cdme/prob-bonecos/prob-bonecos-html/prob-bonecos.html,FALSE,Sim,Novo Link,http://www.cdme.im-uff.mat.br/prob-bonecos/prob-bonecos-html/prob-bonecos.html,
389,PROBLEMA DA JANELA NORMANDA,http://www.uff.br/cdme/pjn/pjn-html/pjn-01-br.html,FALSE,Sim,Novo Link,http://www.cdme.im-uff.mat.br/pjn/pjn-html/pjn-01-br.html,
390,REPRESENTAÇÃO GRÁFICA DE FUNÇÕES,http://www.educadores.diaadia.pr.gov.br/arquivos/File/2010/objetos_de_aprendizagem/QUIMICA/sim_funcoes_graficos.swf,TRUE,Sim,Flash,,
391,RODAS DA FORTUNA,http://www.uff.br/cdme/rdf/rdf-html/rdf-c-br.html,FALSE,Sim,Novo Link,http://www.cdme.im-uff.mat.br/rdf/rdf-html/rdf-c-br.html,
393,1001 Tangram puzzles game,https://play.google.com/store/apps/details?id=com.statlex.tangram,TRUE,Não,,,
394,1010!,https://play.google.com/store/apps/details?id=com.gramgames.tenten,TRUE,Não,,,
395,3D Puzzle,https://play.google.com/store/apps/details?id=com.wjjstudio.puzzle,TRUE,Não,,,
396,Astrobomber,https://play.google.com/store/apps/details?id=com.JamesBruckner.Astrobomber,TRUE,Não,,,
397,Buraco,https://play.google.com/store/apps/details?id=com.ame6.amtalee.lite,TRUE,Sim,Link quebrado,,
398,Color Net,https://play.google.com/store/apps/details?id=com.nebulabytes.colornet,TRUE,Não,,,
399,Cube Connect: Free puzzle game,https://play.google.com/store/apps/details?id=net.lrstudios.cube_connect,TRUE,Não,,,
400,Cubes,https://play.google.com/store/apps/details?id=com.valen.cubes,TRUE,Não,,,
401,Desatar - Juegos de logica,https://play.google.com/store/apps/details?id=air.App2Eleven.LogicGamePuzzlesUntangle,TRUE,Não,,,
402,Dominocity,https://play.google.com/store/apps/details?id=com.nostopsign.dominocity,TRUE,Não,,,
403,Escape Games Day-19,https://play.google.com/store/apps/details?id=com.pn.numberpuzzle,TRUE,Sim,Link quebrado,,
404,Euclidea,https://play.google.com/store/apps/details?id=com.hil_hk.euclidea,TRUE,Não,,,
405,Fit In The Hole,https://play.google.com/store/apps/details?id=com.ketchapp.fitinthehole,TRUE,Sim,Link quebrado,,
406,G.cube 3D puzzle,https://play.google.com/store/apps/details?id=com.viktor.Gcube,TRUE,Sim,Link quebrado,,
407,Heptic,https://play.google.com/store/apps/details?id=hi.brett.heptic,TRUE,Sim,Link quebrado,,
408,Impossible Lines,https://play.google.com/store/apps/details?id=it.tinygames.impossiblelines,TRUE,Não,,,
409,Jogos Puzzles Brain Game,https://play.google.com/store/apps/details?id=pt.asteroid_games.match.puzzle.equation.rearrange.solve.brain.task.free_game,TRUE,Sim,Link quebrado,,
410,Madgic Hocus,https://play.google.com/store/apps/details?id=com.division.madgic,TRUE,Não,,,
411,Pontos e Caixas,https://play.google.com/store/apps/details?id=com.connectTheDots,TRUE,Não,,,
412,Quantos quadrados,https://play.google.com/store/apps/details?id=com.ktpsoft.karthik.howmanysquares,TRUE,Não,,,
413,rop,https://play.google.com/store/apps/details?id=air.com.mildmania.rop,TRUE,Sim,Link quebrado,,
414,Stack,https://play.google.com/store/apps/details?id=com.ketchapp.stack,TRUE,Não,,,
415,Tira Varetas,https://play.google.com/store/apps/details?id=com.fbfsistemas.pullsticks,TRUE,Não,,,
416,Tricky Box,https://play.google.com/store/apps/details?id=com.youzhick.games.woodenpuzzle,TRUE,Sim,Link quebrado,,
417,UnLink - The 3D Puzzle Game,https://play.google.com/store/apps/details?id=com.FreeOnlineGames.Unlink,TRUE,Sim,Link quebrado,,
418,Untangle,https://play.google.com/store/apps/details?id=com.ctgames.untangle,TRUE,Não,,,
419,8 cores,https://play.google.com/store/apps/details?id=com.newhope.theball,TRUE,Não,,,
420,Angulo,https://www.domob.eu/links.php,TRUE,Sim,Link quebrado,,
421,Blockinger,https://f-droid.org/repository/browse/?fdid=org.blockinger.game,TRUE,Não,,,
422,Circle Brick Breaker,https://play.google.com/store/apps/details?id=com.fbfsistemas.circlebrickbreaker,TRUE,Não,,,
423,Combinations,https://play.google.com/store/apps/details?id=com.valcourgames.combinations.android,TRUE,Não,,,
424,droidzebra,https://code.google.com/archive/p/droidzebra/,TRUE,Não,,,
425,Entangled,https://play.google.com/store/apps/details?id=com.ft.game.puzzle.entanglement,TRUE,Não,,,
426,Hexonnect - Hexagon Puzzle,https://play.google.com/store/apps/details?id=de.siebn.hexonnect,TRUE,Não,,,
427,Hexy - The Hexagon Game,https://play.google.com/store/apps/details?id=com.valcourgames.hexy.android,TRUE,Não,,,
428,Mandelbrot Maps,https://f-droid.org/repository/browse/?fdid=uk.ac.ed.inf.mandelbrotmaps,FALSE,Não,,,
429,Rotate Hexagon,https://play.google.com/store/apps/details?id=com.fuzzide.hexagon,TRUE,Sim,Link quebrado,,
430,Sequence Hunt,https://f-droid.org/repository/browse/?fdid=com.monead.games.android.sequence,FALSE,Não,,,
431,Tri Rose,https://f-droid.org/repository/browse/?fdfilter=math&fdid=com.isdp.trirose,FALSE,Não,,,
432,tttris,https://code.google.com/archive/p/tttris/downloads,TRUE,Não,,,
433,Compass,https://play.google.com/store/apps/details?id=com.gamma.compass,TRUE,Não,,,
434,conversor de unidades,https://play.google.com/store/apps/details?id=com.androidapps.unitconverter,TRUE,Não,,,
435,Tiro ao cubo 3D,https://play.google.com/store/apps/details?id=com.greencube.shotcube,TRUE,Sim,Link quebrado,,
436,Bodha Converter,https://f-droid.org/repository/browse/?fdid=byrne.utilities.converter,FALSE,Não,,,
437,Equate,https://f-droid.org/repository/browse/?fdid=com.llamacorp.equate,TRUE,Não,,,
438,1;19 Number Puzzle game,https://play.google.com/store/apps/details?id=com.elvesgames.onetonineteen,TRUE,Sim,Link quebrado,,
439,19 Numbers,https://play.google.com/store/apps/details?id=avseygames.numbers.android,TRUE,Não,,,
440,2048 Fibonacci,https://play.google.com/store/apps/details?id=com.killingtimemachine.game2048Fibonacci,TRUE,Sim,Link quebrado,,
441,2Fuse,https://play.google.com/store/apps/details?id=com.mojoforest.twofuse,TRUE,Não,,,
442,3D Minesweeper - Dig Mines 3D,https://play.google.com/store/apps/details?id=com.kittoworks.digmines3d,TRUE,Não,,,
443,4x number puzzle,https://play.google.com/store/apps/details?id=com.nulligma.Game4x,TRUE,Sim,Link quebrado,,
444,90 números,https://play.google.com/store/apps/details?id=com.newhope.ussr_table,TRUE,Não,,,
445,Beyond 14,https://play.google.com/store/apps/details?id=com.mojoforest.beyondfourteen,TRUE,Sim,Link quebrado,,
446,Binary Fun Game,https://play.google.com/store/apps/details?id=com.petraapps.binarygame,TRUE,Sim,Link quebrado,,
447,Binary Puzzle,https://play.google.com/store/apps/details?id=com.bombaygames.binarypuzzle&hl=pt-BR,TRUE,Sim,Link quebrado,,
448,Binary Stack,https://play.google.com/store/apps/details?id=gecko.droid.binarystack,TRUE,Não,,,
449,Build Bridges Puzzle,https://play.google.com/store/apps/details?id=cz.rychtar.android.hashiwokakero,TRUE,Não,,,
450,Dez: Jogo com números,https://play.google.com/store/apps/details?id=com.shadowbiz.taketengo,TRUE,Não,,,
451,Digits,https://play.google.com/store/apps/details?id=team13.digitsgame,TRUE,Não,,,
452,Doodle Numbers,https://play.google.com/store/apps/details?id=ru.redspell.doodlenumbers2,TRUE,Não,,,
453,E7 Loopy - Brain Teaser,https://play.google.com/store/apps/details?id=e7.loopy.com,TRUE,Sim,Link quebrado,,
454,E7 Masyu - Brain Teaser,https://play.google.com/store/apps/details?id=e7.masyu.com,TRUE,Sim,Link quebrado,,
455,E7 Nurikabe - Brain Teaser,https://play.google.com/store/apps/details?id=e7.nurikabe.com,TRUE,Sim,Link quebrado,,
456,Exercícios de matemática,https://play.google.com/store/apps/details?id=com.hyperdimsoft.hyperdimbrain,TRUE,Não,,,
457,Gamikaze Nurikabe,https://play.google.com/store/apps/details?id=eu.eaststudio.gamikaze.nurikabe,TRUE,Sim,Link quebrado,,
458,I HATE MATHS,https://play.google.com/store/apps/details?id=com.chitralekha.maths,TRUE,Sim,Link quebrado,,
459,Kakuro,https://play.google.com/store/apps/details?id=com.pinkpointer.kakuro,TRUE,Não,,,
460,Linky Dots,https://play.google.com/store/apps/details?id=com.nebulabytes.linkydots,TRUE,Não,,,
461,Logic Puzzles,https://play.google.com/store/apps/details?id=com.sanjoy.matrix,TRUE,Sim,Link quebrado,,
462,Make7! Hexa Puzzle,https://play.google.com/store/apps/details?id=com.bitmango.go.make7hexapuzzle,TRUE,Não,,,
463,Matemática para Crianças,https://play.google.com/store/apps/details?id=com.miniklerogreniyor.quiz.kids.math,TRUE,Não,,,
464,MATH 42,https://play.google.com/store/apps/details?id=com.math42solutions,TRUE,Não,,,
465,Math Academy,https://play.google.com/store/apps/developer?id=SCIMOB,TRUE,Sim,Novo Link,https://play.google.com/store/apps/details?id=com.scimob.mathacademy,
466,Math Evolve Lite: FREE,https://play.google.com/store/apps/details?id=com.InterActionEducation.MathEvolveLite,TRUE,Sim,Link quebrado,,
467,Mover: Um enigma Cérebro,https://play.google.com/store/apps/details?id=com.nitako.move,TRUE,Sim,Link quebrado,,
468,Number Jong,https://play.google.com/store/apps/details?id=com.valcourgames.numberjong.android,TRUE,Não,,,
469,Number Knot,https://play.google.com/store/apps/details?id=com.codejuggler.numberknot,TRUE,Não,,,
470,Number Puzzle,https://play.google.com/store/apps/details?id=com.pn.numberpuzzle,TRUE,Sim,Link quebrado,,
471,Numbers.AA,https://play.google.com/store/apps/details?id=com.chitralekha.numbersaa,TRUE,Sim,Link quebrado,,
472,Número Balls Jogo,https://play.google.com/store/apps/details?id=funapps.numberballs,TRUE,Sim,Link quebrado,,
473,número rápida,https://play.google.com/store/apps/details?id=com.flyStudio.Numbers,TRUE,Sim,Link quebrado,,
474,Skyscrapers,https://play.google.com/store/apps/details?id=com.puzzle.skyscrapers,TRUE,Sim,Link quebrado,,
475,Threes!,https://play.google.com/store/apps/details?id=vo.threes.exclaim,TRUE,Não,,,
476,Truth Tables,https://play.google.com/store/apps/details?id=at.ac.univie.phl.logik.android.truthtables,TRUE,Não,,,
477,yHomework - Math Solver,https://play.google.com/store/apps/details?id=com.MathUnderground.MathSolver,TRUE,Não,,,
478,You Idiot,https://play.google.com/store/apps/details?id=com.chitralekha.twovsone,TRUE,Sim,Link quebrado,,
479,You Stupid 9+10=21,https://play.google.com/store/apps/details?id=com.iyoda.youstupid91021,TRUE,Sim,Link quebrado,,
480,Addi,https://f-droid.org/repository/browse/?fdfilter=math&fdid=com.addi,FALSE,Não,,,
481,Anagram Solver,https://play.google.com/store/apps/details?id=com.bmpak.anagramsolver,TRUE,Sim,Link quebrado,,
482,Bac Matematica,https://apkpure.com/br/bac-matematica/weis.ia.android.bachelper,FALSE,Não,,,
483,Desafio Matemático Grátis,https://play.google.com/store/apps/details?id=com.turtlelabs.DesafioMatematico_Free,TRUE,Não,,,
484,Engrenagens Quebra-cabeças,https://play.google.com/store/apps/details?id=org.stropin.gearslogicpuzzles,TRUE,Não,,,
485,Expression Evaluator,https://f-droid.org/repository/browse/?fdfilter=math&fdid=dudeofx.eval,FALSE,Não,,,
486,frações matemática,https://apkpure.com/br/fractions-math/an.FractionsAll,TRUE,Não,,,
487,HoloKen,https://f-droid.org/repository/browse/?fdfilter=math&fdid=com.tortuca.holoken,TRUE,Sim,Link quebrado,,
488,jogo de matemática,https://apkpure.com/br/math-game/org.mouradjackfreakingmaths,TRUE,Não,,,
489,Jogos de Matemática,https://play.google.com/store/apps/details?id=com.astepanov.mobile.mindmathtricks,TRUE,Não,,,
490,Matemática Elementar Móvel,https://apkpure.com/br/matem%C3%A1tica-elementar-m%C3%B3vel/com.ufms_cppp.matematicaelementar,TRUE,Não,,,
491,Matemática para crianças!,https://play.google.com/store/apps/details?id=co.romesoft.toddlers.puzzle.math,TRUE,Sim,Link quebrado,,OA repetido.
492,"Matemática, Treine seu Cérebro",https://play.google.com/store/apps/details?id=org.nixgame.mathematics,TRUE,Não,,,
493,Math Master - Brain Quizzes,https://play.google.com/store/apps/details?id=com.mathmaster,TRUE,Não,,,
494,Math Pieces,https://play.google.com/store/apps/details?id=com.nebulabytes.mathpieces,TRUE,Não,,,
495,Math Puzzles,https://play.google.com/store/apps/details?id=com.applabs.puzzle,TRUE,Não,,,
496,Math Workout,https://play.google.com/store/apps/details?id=com.akbur.mathsworkout,TRUE,Não,,,
497,MathDoku,https://f-droid.org/repository/browse/?fdfilter=math&fdid=net.cactii.mathdoku,FALSE,Não,,,
498,MathDoku,https://play.google.com/store/apps/details?id=net.cactii.mathdoku,TRUE,Não,,,
499,MATHTools,https://f-droid.org/repository/browse/?fdfilter=math&fdid=org.aminb.mathtools.app,FALSE,Não,,,
500,Matrix Calc,https://f-droid.org/repository/browse/?fdid=com.alexkang.x3matrixcalculator,FALSE,Não,,,
501,MaximaOnAndroid,https://f-droid.org/repository/browse/?fdfilter=math&fdid=jp.yhonda,FALSE,Não,,,
502,minutos de matemática louca,https://apkpure.com/br/mad-math-minute/com.lipapps.madmathminute,TRUE,Não,,,
503,Mizeravi Matemática Quiz,https://apkpure.com/br/mizeravi-matem%C3%A1tica-quiz/com.isrstudio.mizeravi,FALSE,Não,,,
504,Number Jong,https://play.google.com/store/apps/details?id=com.valcourgames.numberjong.android,FALSE,Sim,Novo Link,https://play.google.com/store/apps/details?id=com.valcourgames.numberjong.android,
505,Number Swipe,https://play.google.com/store/apps/details?id=com.valcourgames.numberswipe.android,TRUE,Sim,Link quebrado,,
506,Photomath - Câmera-Calculadora,https://play.google.com/store/apps/details?id=com.microblink.photomath,TRUE,Não,,,
507,Rei da Matemática,https://play.google.com/store/apps/details?id=com.troubi.kingofmath,TRUE,Sim,Link quebrado,,
508,Reversi Free,https://play.google.com/store/apps/details?id=uk.co.aifactory.rrfree,TRUE,Não,,,
509,Rule of Three,https://f-droid.org/repository/browse/?fdid=de.steinpfeffer.rdt,FALSE,Não,,,
510,TopoSuite,https://f-droid.org/repository/browse/?fdfilter=math&fdid=ch.hgdev.toposuite,TRUE,Sim,Novo Link,https://play.google.com/store/apps/details?id=ch.hgdev.toposuite,Atualizado do fdroid para a play store
511,Truques matemáticos,https://play.google.com/store/apps/details?id=example.matharithmetics,TRUE,Não,,,
512,Make a City - Build Idle Game,https://play.google.com/store/apps/details?id=air.air.make.city.idle.build.game,TRUE,Não,,,
513,Minhas despesas,https://play.google.com/store/apps/details?id=org.totschnig.myexpenses,TRUE,Não,,,
514,90% Ok,https://play.google.com/store/apps/details?id=com.chitralekha.ninety,TRUE,Sim,Link quebrado,,
515,Loops 3D,https://play.google.com/store/apps/details?id=com.morgade.loops3d,TRUE,Não,,,
516,Numerics Free,https://play.google.com/store/apps/details?id=com.thegameof.numerics,TRUE,Sim,Link quebrado,,
517,Todas as fórmulas Math,https://apkpure.com/br/complete-math-formulas/com.dbl.mathformulas,TRUE,Não,,,
518,E7 Slant - Brain Teaser,https://play.google.com/store/apps/details?id=e7.slant.com,TRUE,Sim,Link quebrado,,
519,matemática,https://play.google.com/store/apps/details?id=de.daboapps.mathematics,TRUE,Não,,,
520,Puzzlerama,https://play.google.com/store/apps/details?id=com.leodesol.games.puzzlecollection,TRUE,Não,,,
521,Dicionário de Matemática Free,https://apkpure.com/br/dicion%C3%A1rio-de-matem%C3%A1tica-free/com.editoraw.minidicionario.matematica.free,TRUE,Não,,,
522,Educacross Matemática (Escola),https://apkpure.com/br/educacross-matem%C3%A1tica-escola/com.CrossReality.EducaCrossMatematica,TRUE,Não,,,
523,Ferramentas Inteligentes,https://play.google.com/store/apps/details?id=com.pcmehanik.smarttoolkit,TRUE,Sim,Link quebrado,,
524,MagicPlan,https://play.google.com/store/apps/details?id=com.sensopia.magicplan&hl=pt-BR,TRUE,Não,,,
525,2048,https://apkpure.com/br/2048/com.digiplex.game,TRUE,Não,,,
526,LogicalCell,https://play.google.com/store/apps/details?id=air.air.LogicalCell,TRUE,Não,,,
527,Monodot,https://play.google.com/store/apps/details?id=hi.brett.monodot,TRUE,Não,,,
528,Resta Um,https://play.google.com/store/apps/details?id=com.pinkpointer.pegsolitaire,TRUE,Não,,,
529,Slitherlink,https://play.google.com/store/apps/details?id=com.ejelta.slitherlink.ads,TRUE,Não,,,
530,Calculadora Gráfica Mathlab,https://apkpure.com/br/math-graphing-calculator/us.mathlab.android,TRUE,Não,,,
531,GeoGebra Calculadora Gráfica,https://apkpure.com/br/geogebra-graphing-calculator/org.geogebra.android,TRUE,Não,,,
532,Graphing Calculator,https://play.google.com/store/apps/details?id=com.herbertlaw,TRUE,Não,,,
533,Logic Puzzle Kingdom,https://play.google.com/store/apps/details?id=com.morsakabi.puzzlekingdom.android,TRUE,Não,,,
534,Maths Man,http://forum.xda-developers.com/showthread.php?t=2252259,TRUE,Não,,,
535,Hydra Slayer,https://f-droid.org/repository/browse/?fdfilter=math&fdid=com.roguetemple.hydroid,FALSE,Não,,,
536,GeoGebra,https://play.google.com/store/apps/details?id=org.geogebra,TRUE,Não,,,
537,iMathematics™,https://apkpure.com/br/imathematics%E2%84%A2/it.droidtech.imathematica,TRUE,Não,,,
538,Mathway - Problema Matemático,https://play.google.com/store/apps/details?id=com.bagatrix.mathway.android,TRUE,Não,,,
539,Fórmulas Free,https://play.google.com/store/apps/details?id=com.nsc.mathformulas.lite,TRUE,Não,,,
540,Offline mapa Navegação,https://play.google.com/store/apps/details?id=com.virtualmaze.offlinemapnavigationtracker,TRUE,Não,,,
541,Tower of Hanoi - online,https://play.google.com/store/apps/details?id=xyz.buildman.hanoi,TRUE,Não,,,
542,Aprendizagem ATM,https://play.google.com/store/apps/details?id=com.omc.kids.atm.learning.simulator.free,FALSE,Não,,,
543,ATM Simulator Pro,https://play.google.com/store/apps/details?id=com.milux.atmsimulator,TRUE,Sim,Link quebrado,,
544,Caixa do supermercado Jogo,https://play.google.com/store/apps/details?id=co.romesoft.kids.supermarket.cashier,TRUE,Sim,Link quebrado,,
545,De compra dos miúdos Jogos,https://play.google.com/store/apps/details?id=com.kidgame.supermarket,TRUE,Não,,,
546,Multi Calculadora,https://play.google.com/store/apps/details?id=com.jee.calc,TRUE,Não,,,
547,Thanksgiving Supermarket Store,https://play.google.com/store/apps/details?id=com.hbg.thanksgiving.supermarket.store,TRUE,Sim,Link quebrado,,
548,Campo minado,https://play.google.com/store/apps/details?id=Draziw.Button.Mines,TRUE,Não,,,
549,WhatExp,https://f-droid.org/repository/browse/?fdfilter=math&fdid=fr.ludo1520.whatexp,FALSE,Não,,,
550,HISTÓRIAS FANTÁSTICAS,http://www.proativa.virtual.ufc.br/objetos_aprendizagem/historias/,TRUE,Sim,Link quebrado,,
551,BRINCÁLCULO,https://softwareducativo.github.io/Brincalculo/,TRUE,Não,,,
552,CONTA KG,https://softwareducativo.github.io/Contakg/,TRUE,Não,,,
553,FÁBRICA DE TIRINHAS,http://www.proativa.virtual.ufc.br/objetos_aprendizagem/tirinhas/tirinhas.html,TRUE,Sim,Link quebrado,,
554,Make me Ten,https://play.google.com/store/apps/details?id=com.funnygames.makeme10,TRUE,Sim,Link quebrado,,
555,2248,https://play.google.com/store/apps/details?id=com.vector.game.puzzle.numberlink,TRUE,Não,,,
556,Divisor,https://play.google.com/store/apps/details?id=com.vector.game.puzzle.divisor,TRUE,Sim,Link quebrado,,
557,Mestre do Tangram,https://play.google.com/store/apps/details?id=com.littlebeargames.tangram,TRUE,Não,,,
558,Desafios da Matemática,https://play.google.com/store/apps/details?id=impa.desafiosdamatematica,TRUE,Sim,Link quebrado,,
559,Calculadora: O Jogo,https://play.google.com/store/apps/details?id=com.sm.calculateme,TRUE,Não,,,
560,1 line,https://play.google.com/store/apps/details?id=com.gamestart.oneline,TRUE,Não,,,
561,STANLEY Floor Plan,https://play.google.com/store/apps/details?id=com.sensopia.stanleyfloorplan,TRUE,Sim,Link quebrado,,
562,Madrees,https://play.google.com/store/apps/details?id=com.anadreline.android.madrees,TRUE,Não,,,
563,Interlocked,https://play.google.com/store/apps/details?id=com.wecreatestuff.interlocked,TRUE,Não,,,
564,Um Quarto - Ensinando Fração,https://play.google.com/store/apps/details?id=com.mentallab.umquarto,TRUE,Sim,Link quebrado,,
565,Slice Fractions,https://play.google.com/store/apps/details?id=air.com.ululab.SliceFractions,TRUE,Não,,,
566,Jogo das Frações,https://play.google.com/store/apps/details?id=fatecfracoes.com,TRUE,Sim,Link quebrado,,
567,Chicken coop fractions games,https://play.google.com/store/apps/details?id=air.uk.co.echalk.chickenCoop.fractions.v2.app,TRUE,Sim,Link quebrado,,
568,Jogos de matemática,https://play.google.com/store/apps/details?id=com.GamesForKids.Mathgames.MultiplicationTables,TRUE,Não,,,
569,Cool Math and Number,https://play.google.com/store/apps/details?id=com.kidsgame.kidsmath2,TRUE,Sim,Link quebrado,,
570,iSometric,https://play.google.com/store/apps/details?id=jovijano.isometric,TRUE,Não,,,
571,Geometryx,https://play.google.com/store/apps/details?id=com.famobix.geometryx,TRUE,Não,,,
572,Triângulo Calculadora,https://play.google.com/store/apps/details?id=com.november31.trig_calc,TRUE,Não,,,
573,Pontos e Caixas,https://play.google.com/store/apps/details?id=com.connectTheDots,TRUE,Não,,,OA repetido.
574,Aventura Matemática,https://play.google.com/store/apps/details?id=com.LEDSGr.AventuraMatematica,TRUE,Sim,Link quebrado,,
575,Perguntas de Matemática,https://play.google.com/store/apps/details?id=com.show.perguntasdematematica,TRUE,Não,,,
576,Focus Timer Reborn,https://play.google.com/store/apps/details?id=net.hubalek.android.apps.focustimer,TRUE,Não,,,
577,rotação do mundo,https://play.google.com/store/apps/details?id=jp.co.arttec.satbox.turnworldcenter,TRUE,Sim,Link quebrado,,
578,Mathemagics Multiplication,https://play.google.com/store/apps/details?id=com.SlimCricket.Mathemagique,TRUE,Sim,Link quebrado,,
579,Rapid 70 - Brain Booster,https://play.google.com/store/apps/details?id=ab.rapid70,TRUE,Não,,,
580,Simetria: Caminho da Perfeição,https://play.google.com/store/apps/details?id=com.platonicgames.symmetria,TRUE,Não,,,
581,Geometria Calculadora,https://play.google.com/store/apps/details?id=ru.knnv.geometrycalcfree,TRUE,Não,,,
582,MyScript Calculator,https://play.google.com/store/apps/details?id=com.visionobjects.calculator,TRUE,Sim,Link quebrado,,
583,Lig 4 multijogador,https://play.google.com/store/apps/details?id=com.lochmann.viergewinntmultiplayer,TRUE,Não,,,
584,Socratic,https://play.google.com/store/apps/details?id=org.socratic.android,TRUE,Sim,Link quebrado,,
585,Brickscape,https://play.google.com/store/apps/details?id=com.fiveminlab.brickscape,TRUE,Sim,Link quebrado,,
586,Interlocked,https://play.google.com/store/apps/details?id=com.wecreatestuff.interlocked,TRUE,Não,,,OA repetido.
587,Calculadora de Estatística,https://play.google.com/store/apps/details?id=br.com.testeandroid.minha_calculadora,TRUE,Não,,,
588,CTI Estatística,https://play.google.com/store/apps/details?id=the.pi.br.ctiestatistica,TRUE,Não,,,
589,Outfolded,https://play.google.com/store/apps/details?id=com.threesprockets.outfolded,TRUE,Não,,,
590,EstaLo LotoFacil V.Básica,https://play.google.com/store/apps/details?id=com.EstaLo.EstaLotoFacilFree,TRUE,Não,,,
591,Loteria Estatística e Gerador,https://play.google.com/store/apps/details?id=com.logan19gp.loto_usa_generate_stats_results,TRUE,Não,,,
592,Calculadora Estatistica ++,https://play.google.com/store/apps/details?id=app.estatistica,TRUE,Sim,Link quebrado,,
593,Calculadora Estatística Pro,https://play.google.com/store/apps/details?id=com.cgollner.pro,TRUE,Não,,,
594,Estatística Simples,https://play.google.com/store/apps/details?id=metalb2.estatisticasimples,TRUE,Não,,,
595,calculadora estatísticas,https://play.google.com/store/apps/details?id=an.StatisticTools,TRUE,Não,,,
596,Estatística Fácil,https://play.google.com/store/apps/details?id=br.com.wgbn.estatisticafacil,TRUE,Não,,,
597,"Pedômetro, Contador de passos Contador de Calorias",https://play.google.com/store/apps/details?id=pedometer.steptracker.calorieburner.stepcounter,TRUE,Não,,,
598,Orçamento Fácil - Gerente de Despesas,https://play.google.com/store/apps/details?id=com.blodhgard.easybudget,TRUE,Não,,,
599,Graph Maker,https://play.google.com/store/apps/details?id=selfmademobilesolutions.chartmakerpro,TRUE,Não,,,
600,Desmos Calculadora Gráfica,https://play.google.com/store/apps/details?id=com.desmos.calculator,TRUE,Não,,,
601,Gastos Diários 3,https://play.google.com/store/apps/details?id=mic.app.gastosdiarios,TRUE,Não,,,
602,Mobills: Controle de Gastos e Contas,https://play.google.com/store/apps/details?id=br.com.gerenciadorfinanceiro.controller,TRUE,Não,,,
603,3D Gráficos,https://play.google.com/store/apps/details?id=air.A3DChartsMobile,TRUE,Não,,,
604,Tabela Periódica,https://play.google.com/store/apps/details?id=jqsoft.apps.periodictable.hd,TRUE,Não,,,
605,Tabela kalorii,https://play.google.com/store/apps/details?id=dom.marcin.tabelakalorii,TRUE,Sim,Link quebrado,,
606,Quadro Horário,https://play.google.com/store/apps/details?id=br.com.kercio.quadrohorariok,TRUE,Sim,Link quebrado,,
607,Notas Tabela,https://play.google.com/store/apps/details?id=vivekagarwal.playwithdb,TRUE,Não,,,
608,Estatística Eleitoral (TRE-MT),https://play.google.com/store/apps/details?id=br.jus.tremt.estatistica,TRUE,Sim,Link quebrado,,
609,Previsão de futebol,https://play.google.com/store/apps/details?id=ovh.sauzanaprod.predictionfoot,TRUE,Não,,,
610,6 Matemática - Estatística,https://play.google.com/store/apps/details?id=com.teeneinst.quiz.us.vi.statistics,TRUE,Não,,,
611,Racha Conta,https://play.google.com/store/apps/details?id=the.pi.br.rachaconta,TRUE,Não,,,
612,Intersection Controller,https://play.google.com/store/apps/details?id=se.shadowtree.software.trafficbuilder,TRUE,Não,,,
613,Multibase (Material Dourado),https://play.google.com/store/apps/details?id=com.multibase&hl=pt_BR,TRUE,Não,,,
614,Primeiro Herói,https://play.google.com/store/apps/details?id=com.CrossReality.Primeiro_Heroi,TRUE,Sim,Link quebrado,,